Date,Creative,"Creative ID","Total Ads Requested"
2024-08-07,C00KXJG-3566402-WDW_FY24_PORT_WDW_Brand-TMMPOE_V2-LATAM-NOOFF_300x250.zip,4727923,1205
2024-08-07,C00KXJG-3566402-WDW_FY24_PORT_WDW_Brand-TMMPOE_V2-LATAM-NOOFF_300x600.zip,4727924,11143
2024-08-07,C00KXJG-3566402-WDW_FY24_PORT_WDW_Brand-TMMPOE_V2-LATAM-NOOFF_320x50.jpg,4569694,908
2024-08-07,C0AWIU5-1628301-DVC_FY20_ENG_DVCMKTGSales_PostTrip_160x600.zip,3189654,7981
2024-08-07,C0AWIU5-1628301-DVC_FY20_ENG_DVCMKTGSales_PostTrip_300x250.zip,3189655,52031
2024-08-07,C0AWIU5-1628301-DVC_FY20_ENG_DVCMKTGSales_PostTrip_300x600.zip,3189656,6236
2024-08-07,C0AWIU5-1628301-DVC_FY20_ENG_DVCMKTGSales_PostTrip_320x50_v1,3588465,45657
2024-08-07,C0AWIU5-1628301-DVC_FY20_ENG_DVCMKTGSales_PostTrip_728x90.zip,3189657,14407
2024-08-07,C0AWIU5-1628301-DVC_FY20_ENG_DVCMKTGSales_PostTrip_AUL_160x600.zip,3589130,1096
2024-08-07,C0AWIU5-1628301-DVC_FY20_ENG_DVCMKTGSales_PostTrip_AUL_300x250.zip,3589133,5225
2024-08-07,C0AWIU5-1628301-DVC_FY20_ENG_DVCMKTGSales_PostTrip_AUL_300x600.zip,3589136,514
2024-08-07,C0AWIU5-1628301-DVC_FY20_ENG_DVCMKTGSales_PostTrip_AUL_320x50,3589207,2327
2024-08-07,C0AWIU5-1628301-DVC_FY20_ENG_DVCMKTGSales_PostTrip_AUL_728x90.zip,3589140,3011
2024-08-07,C0AWIU5-1628301-DVC_FY20_ENG_DVCMKTGSales_PostTrip_DLR_160x600.zip,3589107,1156
2024-08-07,C0AWIU5-1628301-DVC_FY20_ENG_DVCMKTGSales_PostTrip_DLR_300x250.zip,3589111,5162
2024-08-07,C0AWIU5-1628301-DVC_FY20_ENG_DVCMKTGSales_PostTrip_DLR_300x600.zip,3589114,490
2024-08-07,C0AWIU5-1628301-DVC_FY20_ENG_DVCMKTGSales_PostTrip_DLR_320x50,3589212,2241
2024-08-07,C0AWIU5-1628301-DVC_FY20_ENG_DVCMKTGSales_PostTrip_DLR_728x90.zip,3589123,2938
2024-08-07,C0DXIQ6-3968651-DLR_FY24_ENG_Simba-Maximize-v1-DOM-NOOFF_160x600.zip,4791792,4234
2024-08-07,C0DXIQ6-3968651-DLR_FY24_ENG_Simba-Maximize-v1-DOM-NOOFF_300x250.zip,4791793,24441
2024-08-07,C0DXIQ6-3968651-DLR_FY24_ENG_Simba-Maximize-v1-DOM-NOOFF_300x600.zip,4791795,4129
2024-08-07,C0DXIQ6-3968651-DLR_FY24_ENG_Simba-Maximize-v1-DOM-NOOFF_320x50.jpg,4791041,24166
2024-08-07,C0DXIQ6-3968651-DLR_FY24_ENG_Simba-Maximize-v1-DOM-NOOFF_728x90.zip,4791791,7207
2024-08-07,C0ESK9B-3845657-WDWEEC_FY24_ENG_EEC-DiveQuest-DOM-NOOFF_160x600.zip,4664374,353
2024-08-07,C0ESK9B-3845657-WDWEEC_FY24_ENG_EEC-DiveQuest-DOM-NOOFF_300x250.zip,4664375,1912
2024-08-07,C0ESK9B-3845657-WDWEEC_FY24_ENG_EEC-DiveQuest-DOM-NOOFF_300x600.zip,4664376,154
2024-08-07,C0ESK9B-3845657-WDWEEC_FY24_ENG_EEC-DiveQuest-DOM-NOOFF_320x50.jpg,4654908,616
2024-08-07,C0ESK9B-3845657-WDWEEC_FY24_ENG_EEC-DiveQuest-DOM-NOOFF_728x90.zip,4664377,583
2024-08-07,C18FNQD-3817479-DCL_FY24_ENG_COMBO_DOM_CAN_NOOFF_160x600.zip,4719435,16022
2024-08-07,C18FNQD-3817479-DCL_FY24_ENG_COMBO_DOM_CAN_NOOFF_300x250.zip,4719436,148524
2024-08-07,C18FNQD-3817479-DCL_FY24_ENG_COMBO_DOM_CAN_NOOFF_300x600.zip,4719437,16895
2024-08-07,C18FNQD-3817479-DCL_FY24_ENG_COMBO_DOM_CAN_NOOFF_728x90.zip,4719438,40127
2024-08-07,C1F7D7F-3545702-WDW_FY23_ENG_FLResidentAP_INSPIRE_FLRES_Q2_FL_Resident_Room_Only_Offer,4481201,0
2024-08-07,C1L8ONV-3817653-WDW_FY24_ENG_ResortConversion-FloridaResidentActivate-FLRES-FLRes-SummerResortOffer_160x600.zip,4670851,16532
2024-08-07,C1L8ONV-3817653-WDW_FY24_ENG_ResortConversion-FloridaResidentActivate-FLRES-FLRes-SummerResortOffer_300x250.zip,4670852,145392
2024-08-07,C1L8ONV-3817653-WDW_FY24_ENG_ResortConversion-FloridaResidentActivate-FLRES-FLRes-SummerResortOffer_300x600.zip,4670853,6622
2024-08-07,C1L8ONV-3817653-WDW_FY24_ENG_ResortConversion-FloridaResidentActivate-FLRES-FLRes-SummerResortOffer_320x50.jpg,4667595,99731
2024-08-07,C1L8ONV-3817653-WDW_FY24_ENG_ResortConversion-FloridaResidentActivate-FLRES-FLRes-SummerResortOffer_728x90.zip,4670854,72848
2024-08-07,C1OGBOP-3987252-WDW_FY24_PT_Holidays_latamport_LATAM_NOOFF_300x250.zip,4806929,3873
2024-08-07,C1OGBOP-3987252-WDW_FY24_PT_Holidays_latamport_LATAM_NOOFF_300x600.zip,4806930,64349
2024-08-07,C1OGBOP-3987252-WDW_FY24_PT_Holidays_latamport_LATAM_NOOFF_320x50.jpg,4786458,2908
2024-08-07,C1RGCTS-NA-WDW_FY24_ENG_PhotoPassQ3_160x600.gif,4654820,12370
2024-08-07,C1RGCTS-NA-WDW_FY24_ENG_PhotoPassQ3_300x250.gif,4654912,314264
2024-08-07,C1RGCTS-NA-WDW_FY24_ENG_PhotoPassQ3_300x600.gif,4654911,2994
2024-08-07,C1RGCTS-NA-WDW_FY24_ENG_PhotoPassQ3_320x50.gif,4654910,70195
2024-08-07,C1RGCTS-NA-WDW_FY24_ENG_PhotoPassQ3_728x90.gif,4654909,17860
2024-08-07,C21FEMN_4025253_WDWDHS_FY24_Jollywood_Jollywood_Display_Digital_Banners_WDW_MAXIMIZE_DOM_NOOFF_EN_160x600.zip,4793224,6921
2024-08-07,C21FEMN_4025253_WDWDHS_FY24_Jollywood_Jollywood_Display_Digital_Banners_WDW_MAXIMIZE_DOM_NOOFF_EN_300x250.zip,4793225,51361
2024-08-07,C21FEMN_4025253_WDWDHS_FY24_Jollywood_Jollywood_Display_Digital_Banners_WDW_MAXIMIZE_DOM_NOOFF_EN_300x600.zip,4793226,3435
2024-08-07,C21FEMN_4025253_WDWDHS_FY24_Jollywood_Jollywood_Display_Digital_Banners_WDW_MAXIMIZE_DOM_NOOFF_EN_320x50.jpg,4779717,32344
2024-08-07,C21FEMN_4025253_WDWDHS_FY24_Jollywood_Jollywood_Display_Digital_Banners_WDW_MAXIMIZE_DOM_NOOFF_EN_728x90.zip,4793227,23146
2024-08-07,C23ZN34-3851151-DLR_FY24_DTD_ENG_Q3-ShoppingAndEntertainment_160x600.zip,4664239,716
2024-08-07,C23ZN34-3851151-DLR_FY24_DTD_ENG_Q3-ShoppingAndEntertainment_300x250.zip,4664241,9969
2024-08-07,C23ZN34-3851151-DLR_FY24_DTD_ENG_Q3-ShoppingAndEntertainment_300x600.zip,4664243,1225
2024-08-07,C23ZN34-3851151-DLR_FY24_DTD_ENG_Q3-ShoppingAndEntertainment_320x50.jpg,4662569,10564
2024-08-07,C23ZN34-3851151-DLR_FY24_DTD_ENG_Q3-ShoppingAndEntertainment_728x90.zip,4664238,5025
2024-08-07,C297FVC-3517755-DLR_FY23_ENG_SpecialProject-Titan-V2_300x250.zip,4746670,71
2024-08-07,C297FVC-3517755-DLR_FY23_ENG_SpecialProject-Titan-V2_300x600.zip,4746672,1
2024-08-07,C297FVC-3517755-DLR_FY23_ENG_SpecialProject-Titan-V2_320x50.jpg,4510758,47
2024-08-07,C297FVC-3517755-DLR_FY23_ENG_SpecialProject-Titan-V2_728x90.zip,4746668,1
2024-08-07,C297FVC-3517755-DLR_FY23_ENG_SpecialProject-Titan-V2_970x250.zip,4746671,2
2024-08-07,C2U40HY-3965360-DLR_FY24_ENG_Q3Q4TicketOffer-Generic-Transact_160x600.zip,4726502,4753
2024-08-07,C2U40HY-3965360-DLR_FY24_ENG_Q3Q4TicketOffer-Generic-Transact_300x250.zip,4726503,39590
2024-08-07,C2U40HY-3965360-DLR_FY24_ENG_Q3Q4TicketOffer-Generic-Transact_300x600.zip,4726505,3368
2024-08-07,C2U40HY-3965360-DLR_FY24_ENG_Q3Q4TicketOffer-Generic-Transact_320x50.jpg,4720607,24474
2024-08-07,C2U40HY-3965360-DLR_FY24_ENG_Q3Q4TicketOffer-Generic-Transact_728x90.zip,4726501,12598
2024-08-07,C2UJDRY-4112389-DLR_FY24_SP_Halloween_ACT_DOM_NOOFF_160x600.zip,4786391,46
2024-08-07,C2UJDRY-4112389-DLR_FY24_SP_Halloween_ACT_DOM_NOOFF_300x250.zip,4786392,4134
2024-08-07,C2UJDRY-4112389-DLR_FY24_SP_Halloween_ACT_DOM_NOOFF_300x600.zip,4786394,39
2024-08-07,C2UJDRY-4112389-DLR_FY24_SP_Halloween_ACT_DOM_NOOFF_320x50.jpg,4778675,713
2024-08-07,C2UJDRY-4112389-DLR_FY24_SP_Halloween_ACT_DOM_NOOFF_728x90.zip,4786390,126
2024-08-07,"C30ZBKN-NA-SPT_FY24_ENG_ESPN Pitch to Pixie Soccer V1_300x250.gif",4802503,13090
2024-08-07,"C30ZBKN-NA-SPT_FY24_ENG_ESPN Pitch to Pixie Soccer V1_320x50.gif",4802504,88743
2024-08-07,"C30ZBKN-NA-SPT_FY24_ENG_ESPN Pitch to Pixie Soccer V1_728x90.gif",4802505,13
2024-08-07,C3FAO4U-3817479_DCL_FY24_SPA_COMBO-AR_LATAM-NOOFF_300x250.zip,4780644,6075
2024-08-07,C3FAO4U-3817479_DCL_FY24_SPA_COMBO-AR_LATAM-NOOFF_300x600.zip,4780645,13768
2024-08-07,C3FAO4U-3817479_DCL_FY24_SPA_COMBO-CH_LATAM-NOOFF_300x250.zip,4780665,2456
2024-08-07,C3FAO4U-3817479_DCL_FY24_SPA_COMBO-CH_LATAM-NOOFF_300x600.zip,4780666,341
2024-08-07,C3FAO4U-3817479_DCL_FY24_SPA_COMBO-CO_LATAM-NOOFF_300x250.zip,4780673,6997
2024-08-07,C3FAO4U-3817479_DCL_FY24_SPA_COMBO-CO_LATAM-NOOFF_300x600.zip,4780674,15264
2024-08-07,C3FAO4U-3817479_DCL_FY24_SPA_COMBO-LATAM-NOOFF_300x250.zip,4773579,31918
2024-08-07,C3FAO4U-3817479_DCL_FY24_SPA_COMBO-LATAM-NOOFF_300x600.zip,4773580,121590
2024-08-07,C3FAO4U-3817479_DCL_FY24_SPA_COMBO-PE_LATAM-NOOFF_300x250.zip,4780677,3519
2024-08-07,C3FAO4U-3817479_DCL_FY24_SPA_COMBO-PE_LATAM-NOOFF_300x600.zip,4780678,5034
2024-08-07,C3IQHPQ-4018710-AUL_FY24_ENG_Evergreen-Activate_160x600.zip,4748856,15723
2024-08-07,C3IQHPQ-4018710-AUL_FY24_ENG_Evergreen-Activate_300x250.zip,4748857,116277
2024-08-07,C3IQHPQ-4018710-AUL_FY24_ENG_Evergreen-Activate_300x600.zip,4748858,19126
2024-08-07,C3IQHPQ-4018710-AUL_FY24_ENG_Evergreen-Activate_320x50-2.jpg,4741071,89949
2024-08-07,C3IQHPQ-4018710-AUL_FY24_ENG_Evergreen-Activate_728x90.zip,4748859,42617
2024-08-07,C3J4N37-3539253-FY24_DLR_ENG_PremExp-CC-Custom_300x250.zip,4578224,3230
2024-08-07,C3J4N37-3539253-FY24_DLR_ENG_PremExp-CC-Custom_300x600.zip,4578226,5
2024-08-07,C3J4N37-3539253-FY24_DLR_ENG_PremExp-CC-Custom_320x50.jpg,4576446,541
2024-08-07,C3J4N37-3539253-FY24_DLR_ENG_PremExp-CC-Custom_728x90.zip,4578222,850
2024-08-07,C3J4N37-3539253-FY24_DLR_ENG_PremExp-CC-Custom_970x250.zip,4578225,1
2024-08-07,C3O13J9-3766430-WDW_FY24_ENG_EPCOTTransformation-Broad-Dom-PreK-Anim-DOM-PREK-NOOFF_160x600.zip,4666361,17490
2024-08-07,C3O13J9-3766430-WDW_FY24_ENG_EPCOTTransformation-Broad-Dom-PreK-Anim-DOM-PREK-NOOFF_300x250.zip,4666362,175712
2024-08-07,C3O13J9-3766430-WDW_FY24_ENG_EPCOTTransformation-Broad-Dom-PreK-Anim-DOM-PREK-NOOFF_300x600.zip,4666363,23822
2024-08-07,C3O13J9-3766430-WDW_FY24_ENG_EPCOTTransformation-Broad-Dom-PreK-Anim-DOM-PREK-NOOFF_320x50.jpg,4662572,135565
2024-08-07,C3O13J9-3766430-WDW_FY24_ENG_EPCOTTransformation-Broad-Dom-PreK-Anim-DOM-PREK-NOOFF_728x90.zip,4666364,76225
2024-08-07,C41905Y-3219150-RUND_FY23_ENG_runDisney-Lead-Generation-NOOFF_160x600.zip,4264213,18
2024-08-07,C41905Y-3219150-RUND_FY23_ENG_runDisney-Lead-Generation-NOOFF_300x250.zip,4264214,18
2024-08-07,C41905Y-3219150-RUND_FY23_ENG_runDisney-Lead-Generation-NOOFF_300x600.zip,4264215,18
2024-08-07,C41905Y-3219150-RUND_FY23_ENG_runDisney-Lead-Generation-NOOFF_728x90.zip,4264216,20
2024-08-07,"C4249OZ-4000893-NGE_FY24_ENG_Q4 Expedition Cruise NO OFF_160x600.jpg",4792888,7080
2024-08-07,"C4249OZ-4000893-NGE_FY24_ENG_Q4 Expedition Cruise NO OFF_300x250.jpg",4792889,35543
2024-08-07,"C4249OZ-4000893-NGE_FY24_ENG_Q4 Expedition Cruise NO OFF_300x600.jpg",4792890,5819
2024-08-07,"C4249OZ-4000893-NGE_FY24_ENG_Q4 Expedition Cruise NO OFF_320x50.jpg",4792891,34465
2024-08-07,"C4249OZ-4000893-NGE_FY24_ENG_Q4 Expedition Cruise NO OFF_728x90.jpg",4792892,7797
2024-08-07,C4HP4ML-3651401-WDW_FY24_ENG_DOM_FreeDineOffer_728x90.zip,4567587,0
2024-08-07,C4KDMK5-3713705-WDWRES-FY24-ResortsCollection-Activate-TSB-NOOFF-EN-320x50.png,4790450,318740
2024-08-07,C4KDMK5-3713705-WDWRES-FY24-ResortsCollection-Activate-TSB-NOOFF-EN_160x600.zip,4796883,60908
2024-08-07,C4KDMK5-3713705-WDWRES-FY24-ResortsCollection-Activate-TSB-NOOFF-EN_300x250.zip,4796880,416119
2024-08-07,C4KDMK5-3713705-WDWRES-FY24-ResortsCollection-Activate-TSB-NOOFF-EN_300x600.zip,4796879,41348
2024-08-07,C4KDMK5-3713705-WDWRES-FY24-ResortsCollection-Activate-TSB-NOOFF-EN_728x90.zip,4796878,137343
2024-08-07,C4PA3XJ_NA_SPT_FY24_ENG_Softball-Spring-Training_320x50.gif,4629287,0
2024-08-07,C4YBS87-3943503-WDW_FY24_SPA_Hispanic_Epcot_HISP_NOOFF_160x600.zip,4798833,164
2024-08-07,C4YBS87-3943503-WDW_FY24_SPA_Hispanic_Epcot_HISP_NOOFF_300x250.zip,4798834,13095
2024-08-07,C4YBS87-3943503-WDW_FY24_SPA_Hispanic_Epcot_HISP_NOOFF_300x600.zip,4798835,160
2024-08-07,C4YBS87-3943503-WDW_FY24_SPA_Hispanic_Epcot_HISP_NOOFF_320x50.jpg,4786124,16229
2024-08-07,C4YBS87-3943503-WDW_FY24_SPA_Hispanic_Epcot_HISP_NOOFF_728x90.zip,4798836,1517
2024-08-07,C5IVVVB-3899050-DLR_FY24_ENG_Medium-Rectangle-BBB_300x250.jpg,4703741,1913
2024-08-07,C5MFH1O-3936800-DCL_FY24_ENG_BlackConsumer_Came_to_Play_BLK_NOOFF_160x600.zip,4683372,26840
2024-08-07,C5MFH1O-3936800-DCL_FY24_ENG_BlackConsumer_Came_to_Play_BLK_NOOFF_300x250.zip,4683373,194649
2024-08-07,C5MFH1O-3936800-DCL_FY24_ENG_BlackConsumer_Came_to_Play_BLK_NOOFF_300x600.zip,4683374,50286
2024-08-07,C5MFH1O-3936800-DCL_FY24_ENG_BlackConsumer_Came_to_Play_BLK_NOOFF_320x50.jpg,4677501,263097
2024-08-07,C5MFH1O-3936800-DCL_FY24_ENG_BlackConsumer_Came_to_Play_BLK_NOOFF_728x90.zip,4683375,49978
2024-08-07,C5R7T2B-3732502-DVC_FY24_ENG_Palmetto-LeadsCabinNowOpen-DisplayBanners-DOM_160x600.zip,4614658,12746
2024-08-07,C5R7T2B-3732502-DVC_FY24_ENG_Palmetto-LeadsCabinNowOpen-DisplayBanners-DOM_300x250.zip,4614659,40326
2024-08-07,C5R7T2B-3732502-DVC_FY24_ENG_Palmetto-LeadsCabinNowOpen-DisplayBanners-DOM_300x600.zip,4614660,7801
2024-08-07,C5R7T2B-3732502-DVC_FY24_ENG_Palmetto-LeadsCabinNowOpen-DisplayBanners-DOM_320x50.jpg,4576822,19203
2024-08-07,C5R7T2B-3732502-DVC_FY24_ENG_Palmetto-LeadsCabinNowOpen-DisplayBanners-DOM_728x90.zip,4614661,22057
2024-08-07,C615OE8-3713705-WDW_FY24_ENG_ResortsCollection-Transact2-TSB-NOOFF-320x50.png,4790451,223327
2024-08-07,C615OE8-3713705-WDW_FY24_ENG_ResortsCollection_Transact2_TSB_NOOFF_160x600.zip,4797315,62139
2024-08-07,C615OE8-3713705-WDW_FY24_ENG_ResortsCollection_Transact2_TSB_NOOFF_300x250.zip,4797314,390462
2024-08-07,C615OE8-3713705-WDW_FY24_ENG_ResortsCollection_Transact2_TSB_NOOFF_300x600.zip,4797312,36636
2024-08-07,C615OE8-3713705-WDW_FY24_ENG_ResortsCollection_Transact2_TSB_NOOFF_728x90.zip,4797311,100972
2024-08-07,C615V9A-3550905-WDW_FY24_SPA_APAcquisition_Q1_Inspire_FLRES_AP_Disney_Pixie_Dust_Pass_160x600.zip,4481787,1145
2024-08-07,C615V9A-3550905-WDW_FY24_SPA_APAcquisition_Q1_Inspire_FLRES_AP_Disney_Pixie_Dust_Pass_300x250.zip,4481788,31203
2024-08-07,C615V9A-3550905-WDW_FY24_SPA_APAcquisition_Q1_Inspire_FLRES_AP_Disney_Pixie_Dust_Pass_300x600.zip,4481789,708
2024-08-07,C65IIRR-437677-WDW_FY19_ENG_SCAFT-BTM_160x600.zip,3118780,29914
2024-08-07,C65IIRR-437677-WDW_FY19_ENG_SCAFT-BTM_300x250.zip,3118781,150016
2024-08-07,C65IIRR-437677-WDW_FY19_ENG_SCAFT-BTM_300x600.zip,3118782,29991
2024-08-07,C65IIRR-437677-WDW_FY19_ENG_SCAFT-BTM_320x50_copy.zip,3573170,51989
2024-08-07,C65IIRR-437677-WDW_FY19_ENG_SCAFT-BTM_728x90.zip,3118783,67587
2024-08-07,C69AG1R-2976952-DCL_FY23_ENG_ACTIVATE_SET2-TEXAS-DOM-NOOFF_160x600.zip,4660779,3305
2024-08-07,C69AG1R-2976952-DCL_FY23_ENG_ACTIVATE_SET2-TEXAS-DOM-NOOFF_300x250.zip,4660780,38060
2024-08-07,C69AG1R-2976952-DCL_FY23_ENG_ACTIVATE_SET2-TEXAS-DOM-NOOFF_300x600.zip,4660781,4970
2024-08-07,C69AG1R-2976952-DCL_FY23_ENG_ACTIVATE_SET2-TEXAS-DOM-NOOFF_728x90.zip,4660782,9538
2024-08-07,C6DM013-3688803-WDW_FY24_ENG_V2_Hispanic-MK-HISP-4-Park-Magic-Ticket_160x600.zip,4754468,11160
2024-08-07,C6DM013-3688803-WDW_FY24_ENG_V2_Hispanic-MK-HISP-4-Park-Magic-Ticket_300x250.zip,4754469,134801
2024-08-07,C6DM013-3688803-WDW_FY24_ENG_V2_Hispanic-MK-HISP-4-Park-Magic-Ticket_300x600.zip,4754470,11731
2024-08-07,C6DM013-3688803-WDW_FY24_ENG_V2_Hispanic-MK-HISP-4-Park-Magic-Ticket_320x50.jpg,4740939,79337
2024-08-07,C6DM013-3688803-WDW_FY24_ENG_V2_Hispanic-MK-HISP-4-Park-Magic-Ticket_728x90.zip,4754471,47211
2024-08-07,C6E1EET-3894113-ABD_FY24_ENG_DDA_Q3-LandLaunch_160x600.zip,4695861,9146
2024-08-07,C6E1EET-3894113-ABD_FY24_ENG_DDA_Q3-LandLaunch_300x250.zip,4695862,117158
2024-08-07,C6E1EET-3894113-ABD_FY24_ENG_DDA_Q3-LandLaunch_300x600.zip,4695863,8212
2024-08-07,C6E1EET-3894113-ABD_FY24_ENG_DDA_Q3-LandLaunch_320x50_v2.jpg,4686975,116231
2024-08-07,C6E1EET-3894113-ABD_FY24_ENG_DDA_Q3-LandLaunch_728x90.zip,4695864,39729
2024-08-07,C6LPK9E-3311910-DCL_FY23_ENG_TRITON_ACTIVATE_DOM_NOOFF_160x600.zip,4454280,10623
2024-08-07,C6LPK9E-3311910-DCL_FY23_ENG_TRITON_ACTIVATE_DOM_NOOFF_300x250.zip,4454281,75054
2024-08-07,C6LPK9E-3311910-DCL_FY23_ENG_TRITON_ACTIVATE_DOM_NOOFF_300x600.zip,4454282,14727
2024-08-07,C6LPK9E-3311910-DCL_FY23_ENG_TRITON_ACTIVATE_DOM_NOOFF_320x50.jpg,4431565,1964
2024-08-07,C6LPK9E-3311910-DCL_FY23_ENG_TRITON_ACTIVATE_DOM_NOOFF_728x90.zip,4454283,24284
2024-08-07,C6LPK9E-3311910-DCL_FY23_ENG_TRITON_TRANSACT_DOM_NOOFF_160x600.zip,4454396,3395
2024-08-07,C6LPK9E-3311910-DCL_FY23_ENG_TRITON_TRANSACT_DOM_NOOFF_300x250.zip,4454397,17143
2024-08-07,C6LPK9E-3311910-DCL_FY23_ENG_TRITON_TRANSACT_DOM_NOOFF_300x600.zip,4454398,2560
2024-08-07,C6LPK9E-3311910-DCL_FY23_ENG_TRITON_TRANSACT_DOM_NOOFF_320x50.jpg,4431566,13055
2024-08-07,C6LPK9E-3311910-DCL_FY23_ENG_TRITON_TRANSACT_DOM_NOOFF_728x90.zip,4454399,5408
2024-08-07,C6Z2PQF-3162857-WDW_FY23_ENG_EEC_EN_NOOFF_320x50.jpg,4264934,0
2024-08-07,C7DN4Y2-3852401-AUL_FY24_ENG_Fall_BroadOffer_160x600.zip,4680635,9347
2024-08-07,C7DN4Y2-3852401-AUL_FY24_ENG_Fall_BroadOffer_300x250.zip,4680636,118815
2024-08-07,C7DN4Y2-3852401-AUL_FY24_ENG_Fall_BroadOffer_300x600.zip,4680638,9534
2024-08-07,C7DN4Y2-3852401-AUL_FY24_ENG_Fall_BroadOffer_320x50.jpg,4674994,115964
2024-08-07,C7DN4Y2-3852401-AUL_FY24_ENG_Fall_BroadOffer_728x90.zip,4680639,34662
2024-08-07,C7IF9WQ-3981921-WDW_FY25_ENG_ResortConversion-Q1-FlRes-HolidayRoomOnlyOffer-Inspire-V1-FLRES-Q1-FLRes-RoomOnlyOffer_160x600.zip,4798246,2808
2024-08-07,C7IF9WQ-3981921-WDW_FY25_ENG_ResortConversion-Q1-FlRes-HolidayRoomOnlyOffer-Inspire-V1-FLRES-Q1-FLRes-RoomOnlyOffer_300x250.zip,4798247,15351
2024-08-07,C7IF9WQ-3981921-WDW_FY25_ENG_ResortConversion-Q1-FlRes-HolidayRoomOnlyOffer-Inspire-V1-FLRES-Q1-FLRes-RoomOnlyOffer_300x600.zip,4798248,2480
2024-08-07,C7IF9WQ-3981921-WDW_FY25_ENG_ResortConversion-Q1-FlRes-HolidayRoomOnlyOffer-Inspire-V1-FLRES-Q1-FLRes-RoomOnlyOffer_320x50.jpg,4782652,18465
2024-08-07,C7IF9WQ-3981921-WDW_FY25_ENG_ResortConversion-Q1-FlRes-HolidayRoomOnlyOffer-Inspire-V1-FLRES-Q1-FLRes-RoomOnlyOffer_728x90.zip,4798249,7254
2024-08-07,C7KXUZZ-3413114-WDW_FY24_SPA_Hispanic_DAK_HISP_NOOFF_Pura_Magia_Set_1_160x600.zip,4736404,543
2024-08-07,C7KXUZZ-3413114-WDW_FY24_SPA_Hispanic_DAK_HISP_NOOFF_Pura_Magia_Set_1_300x250.zip,4736406,19481
2024-08-07,C7KXUZZ-3413114-WDW_FY24_SPA_Hispanic_DAK_HISP_NOOFF_Pura_Magia_Set_1_300x600.zip,4736407,515
2024-08-07,C7KXUZZ-3413114-WDW_FY24_SPA_Hispanic_DAK_HISP_NOOFF_Pura_Magia_Set_1_728x90.zip,4736408,1386
2024-08-07,C7LL20C-3889406-WDW_FY24_SPA_TianasBayou-Hisp-Static-SPA-HISP-NOOFF_160x600.zip,4746114,236
2024-08-07,C7LL20C-3889406-WDW_FY24_SPA_TianasBayou-Hisp-Static-SPA-HISP-NOOFF_300x250.zip,4746115,6311
2024-08-07,C7LL20C-3889406-WDW_FY24_SPA_TianasBayou-Hisp-Static-SPA-HISP-NOOFF_300x600.zip,4746116,176
2024-08-07,C7LL20C-3889406-WDW_FY24_SPA_TianasBayou-Hisp-Static-SPA-HISP-NOOFF_320x50.jpg,4740877,1110
2024-08-07,C7LL20C-3889406-WDW_FY24_SPA_TianasBayou-Hisp-Static-SPA-HISP-NOOFF_728x90.zip,4746117,8266
2024-08-07,C7UR5DK-3817653-WDW_FY24_ENG_ResortConversion-FloridaResidentTransactV2-FLRES-FLRes-SummerResortOffer_160x600.zip,4670912,19164
2024-08-07,C7UR5DK-3817653-WDW_FY24_ENG_ResortConversion-FloridaResidentTransactV2-FLRES-FLRes-SummerResortOffer_300x250.zip,4670913,152619
2024-08-07,C7UR5DK-3817653-WDW_FY24_ENG_ResortConversion-FloridaResidentTransactV2-FLRES-FLRes-SummerResortOffer_300x600.zip,4670914,11257
2024-08-07,C7UR5DK-3817653-WDW_FY24_ENG_ResortConversion-FloridaResidentTransactV2-FLRES-FLRes-SummerResortOffer_320x50.jpg,4667599,119930
2024-08-07,C7UR5DK-3817653-WDW_FY24_ENG_ResortConversion-FloridaResidentTransactV2-FLRES-FLRes-SummerResortOffer_728x90.zip,4670915,47405
2024-08-07,C7Y09UD-3976055-DLR_FY24_SPA_HalloweenTime-Inspire_160x600.zip,4760369,1004
2024-08-07,C7Y09UD-3976055-DLR_FY24_SPA_HalloweenTime-Inspire_300x250.zip,4760370,16166
2024-08-07,C7Y09UD-3976055-DLR_FY24_SPA_HalloweenTime-Inspire_300x600.zip,4760372,1355
2024-08-07,C7Y09UD-3976055-DLR_FY24_SPA_HalloweenTime-Inspire_320x50.jpg,4754314,16064
2024-08-07,C7Y09UD-3976055-DLR_FY24_SPA_HalloweenTime-Inspire_728x90.zip,4760368,2194
2024-08-07,C81VVTT-3985402-DLR_FY24_SPA_Q4BroadResorfOffer-Activate_160x600.zip,4747193,342
2024-08-07,C81VVTT-3985402-DLR_FY24_SPA_Q4BroadResorfOffer-Activate_300x250.zip,4747200,17277
2024-08-07,C81VVTT-3985402-DLR_FY24_SPA_Q4BroadResorfOffer-Activate_300x600.zip,4747202,676
2024-08-07,C81VVTT-3985402-DLR_FY24_SPA_Q4BroadResorfOffer-Activate_320x50.jpg,4742547,6318
2024-08-07,C81VVTT-3985402-DLR_FY24_SPA_Q4BroadResorfOffer-Activate_728x90.zip,4747192,667
2024-08-07,C8AT7QS-3999625-DLR_FY24_SPA_PlazaDeLaFamilia-Launch-Inspire_160x600.zip,4773949,1073
2024-08-07,C8AT7QS-3999625-DLR_FY24_SPA_PlazaDeLaFamilia-Launch-Inspire_300x250.zip,4773950,14701
2024-08-07,C8AT7QS-3999625-DLR_FY24_SPA_PlazaDeLaFamilia-Launch-Inspire_300x600.zip,4773952,1313
2024-08-07,C8AT7QS-3999625-DLR_FY24_SPA_PlazaDeLaFamilia-Launch-Inspire_320x50.jpg,4748202,18504
2024-08-07,C8AT7QS-3999625-DLR_FY24_SPA_PlazaDeLaFamilia-Launch-Inspire_728x90.zip,4773948,1828
2024-08-07,"C8EDF2Q-NA-SPT_FY24_ENG_Spring Training_300x250.gif",4790244,17168
2024-08-07,"C8EDF2Q-NA-SPT_FY24_ENG_Spring Training_320x50.gif",4790245,20183
2024-08-07,"C8EDF2Q-NA-SPT_FY24_ENG_Spring Training_728x90.gif",4790246,66
2024-08-07,C8QMZNL-3987252-WDW_FY24_ENG_Holidays_hispeng_HISP_NOOFF_160x600.zip,4798812,5159
2024-08-07,C8QMZNL-3987252-WDW_FY24_ENG_Holidays_hispeng_HISP_NOOFF_300x250.zip,4798813,38568
2024-08-07,C8QMZNL-3987252-WDW_FY24_ENG_Holidays_hispeng_HISP_NOOFF_300x600.zip,4798814,2132
2024-08-07,C8QMZNL-3987252-WDW_FY24_ENG_Holidays_hispeng_HISP_NOOFF_320x50.jpg,4776815,10349
2024-08-07,C8QMZNL-3987252-WDW_FY24_ENG_Holidays_hispeng_HISP_NOOFF_728x90.zip,4798815,16040
2024-08-07,C8RJTTV-3968062-WDW_FY24_SPA_FOF-DisneySprings-FlavorsofFlorida-SPANISH-FLRES-HISP-NOOFF_160x600.zip,4753803,80
2024-08-07,C8RJTTV-3968062-WDW_FY24_SPA_FOF-DisneySprings-FlavorsofFlorida-SPANISH-FLRES-HISP-NOOFF_300x250.zip,4753804,30708
2024-08-07,C8RJTTV-3968062-WDW_FY24_SPA_FOF-DisneySprings-FlavorsofFlorida-SPANISH-FLRES-HISP-NOOFF_300x600.zip,4753805,527
2024-08-07,C8RJTTV-3968062-WDW_FY24_SPA_FOF-DisneySprings-FlavorsofFlorida-SPANISH-FLRES-HISP-NOOFF_320x50.png,4743458,14131
2024-08-07,C8RJTTV-3968062-WDW_FY24_SPA_FOF-DisneySprings-FlavorsofFlorida-SPANISH-FLRES-HISP-NOOFF_728x90.zip,4753806,8279
2024-08-07,C8UHGK8-3817479-DCL_FY24_VMTFL-LATAM-NOOFF-PORT_300x250.zip,4773583,947
2024-08-07,C8UHGK8-3817479-DCL_FY24_VMTFL-LATAM-NOOFF-PORT_300x600.zip,4773584,2974
2024-08-07,C8WQG8C-3755702-FY24_DLR_ENG_PremExp-VIP-Banners_160x600.zip,4578230,17864
2024-08-07,C8WQG8C-3755702-FY24_DLR_ENG_PremExp-VIP-Banners_300x250.zip,4578231,119964
2024-08-07,C8WQG8C-3755702-FY24_DLR_ENG_PremExp-VIP-Banners_300x600.zip,4578233,11708
2024-08-07,C8WQG8C-3755702-FY24_DLR_ENG_PremExp-VIP-Banners_320x50_v2.jpg,4569742,103285
2024-08-07,C8WQG8C-3755702-FY24_DLR_ENG_PremExp-VIP-Banners_728x90.zip,4578227,38615
2024-08-07,C8Z74Y4-3688803-WDW_FY24_SPA_V2-Hispanic-MK-HISP-4-Park-Magic-Ticket_160x600.zip,4754464,350
2024-08-07,C8Z74Y4-3688803-WDW_FY24_SPA_V2-Hispanic-MK-HISP-4-Park-Magic-Ticket_300x250.zip,4754465,5196
2024-08-07,C8Z74Y4-3688803-WDW_FY24_SPA_V2-Hispanic-MK-HISP-4-Park-Magic-Ticket_300x600.zip,4754466,561
2024-08-07,C8Z74Y4-3688803-WDW_FY24_SPA_V2-Hispanic-MK-HISP-4-Park-Magic-Ticket_320x50.jpg,4740941,3258
2024-08-07,C8Z74Y4-3688803-WDW_FY24_SPA_V2-Hispanic-MK-HISP-4-Park-Magic-Ticket_728x90.zip,4754467,645
2024-08-07,C9HBVED-3674075-WDW_FY24_SPA_FLResidentTicket-DISCOVER-DISNEY-INSPIRE-FLRES-Discover-Disney-Ticket_160x600.zip,4634472,1044
2024-08-07,C9HBVED-3674075-WDW_FY24_SPA_FLResidentTicket-DISCOVER-DISNEY-INSPIRE-FLRES-Discover-Disney-Ticket_300x250.zip,4634473,14517
2024-08-07,C9HBVED-3674075-WDW_FY24_SPA_FLResidentTicket-DISCOVER-DISNEY-INSPIRE-FLRES-Discover-Disney-Ticket_300x600.zip,4634474,1343
2024-08-07,C9HBVED-3674075-WDW_FY24_SPA_FLResidentTicket-DISCOVER-DISNEY-INSPIRE-FLRES-Discover-Disney-Ticket_320x50.jpg,4624591,5915
2024-08-07,C9HBVED-3674075-WDW_FY24_SPA_FLResidentTicket-DISCOVER-DISNEY-INSPIRE-FLRES-Discover-Disney-Ticket_728x90.zip,4634475,13016
2024-08-07,C9HY6H8-3606167-DLR_FY24_SPA_Evergreen_Domestic_Activate_LATAM_300x600.zip,4580239,0
2024-08-07,C9LOC11-4023707-WDW_FY24_ENG_DDA-Launch-BLK-NOOFF_160x600.jpg,4779737,123
2024-08-07,C9LOC11-4023707-WDW_FY24_ENG_DDA-Launch-BLK-NOOFF_300x250.jpg,4779738,6827
2024-08-07,C9LOC11-4023707-WDW_FY24_ENG_DDA-Launch-BLK-NOOFF_300x600.jpg,4779739,66
2024-08-07,C9LOC11-4023707-WDW_FY24_ENG_DDA-Launch-BLK-NOOFF_320x50.jpg,4779740,12692
2024-08-07,C9LOC11-4023707-WDW_FY24_ENG_DDA-Launch-BLK-NOOFF_728x90.jpg,4779741,747
2024-08-07,"C9OR60H-3894151_NGE_FY24_ENG_Q3 Expedition Cruise Iceland_160x600.png",4673785,6393
2024-08-07,"C9OR60H-3894151_NGE_FY24_ENG_Q3 Expedition Cruise Iceland_300x250.png",4673786,58879
2024-08-07,"C9OR60H-3894151_NGE_FY24_ENG_Q3 Expedition Cruise Iceland_300x600.png",4673787,5254
2024-08-07,"C9OR60H-3894151_NGE_FY24_ENG_Q3 Expedition Cruise Iceland_320x50.png",4673788,66930
2024-08-07,"C9OR60H-3894151_NGE_FY24_ENG_Q3 Expedition Cruise Iceland_728x90.png",4673789,10824
2024-08-07,"C9YXURT-3620750-NGE_FY24_ENG_Q3 Journeys Turkey_160x600.jpg",4684846,5753
2024-08-07,"C9YXURT-3620750-NGE_FY24_ENG_Q3 Journeys Turkey_300x250.jpg",4684847,105917
2024-08-07,"C9YXURT-3620750-NGE_FY24_ENG_Q3 Journeys Turkey_300x600.jpg",4684848,11886
2024-08-07,"C9YXURT-3620750-NGE_FY24_ENG_Q3 Journeys Turkey_320x50.jpg",4684849,7862
2024-08-07,"C9YXURT-3620750-NGE_FY24_ENG_Q3 Journeys Turkey_728x90.jpg",4684850,2340
2024-08-07,CA3JG0P-437677-WDW_FY21_ENG_SCAKDA_160x600.zip,3500990,4364
2024-08-07,CA3JG0P-437677-WDW_FY21_ENG_SCAKDA_300x250.zip,3500991,21832
2024-08-07,CA3JG0P-437677-WDW_FY21_ENG_SCAKDA_300x600.zip,3500992,1775
2024-08-07,CA3JG0P-437677-WDW_FY21_ENG_SCAKDA_320x50_copy.zip,3573201,3285
2024-08-07,CA3JG0P-437677-WDW_FY21_ENG_SCAKDA_728x90.zip,3500995,6899
2024-08-07,CAA1K5N-4025253-WDW_FY24_ENg_Jollywood_Jollywood_Display_Digital_Banners_TSB_Activate_TSB_NOOFF_160x600.zip,4797321,23902
2024-08-07,CAA1K5N-4025253-WDW_FY24_ENg_Jollywood_Jollywood_Display_Digital_Banners_TSB_Activate_TSB_NOOFF_300x250.zip,4797322,178492
2024-08-07,CAA1K5N-4025253-WDW_FY24_ENg_Jollywood_Jollywood_Display_Digital_Banners_TSB_Activate_TSB_NOOFF_300x600.zip,4797323,15958
2024-08-07,CAA1K5N-4025253-WDW_FY24_ENg_Jollywood_Jollywood_Display_Digital_Banners_TSB_Activate_TSB_NOOFF_320x50.jpg,4778477,96103
2024-08-07,CAA1K5N-4025253-WDW_FY24_ENg_Jollywood_Jollywood_Display_Digital_Banners_TSB_Activate_TSB_NOOFF_728x90.zip,4797324,41191
2024-08-07,CAFIS3I-3848252-WDW_FY24_ENG_Summer-Disney-Springs-Summer-Campaign-Display-SHOP-FLRES-NOOFF_160x600.zip,4712548,1113
2024-08-07,CAFIS3I-3848252-WDW_FY24_ENG_Summer-Disney-Springs-Summer-Campaign-Display-SHOP-FLRES-NOOFF_300x250.zip,4712549,35975
2024-08-07,CAFIS3I-3848252-WDW_FY24_ENG_Summer-Disney-Springs-Summer-Campaign-Display-SHOP-FLRES-NOOFF_300x600.zip,4712550,1946
2024-08-07,CAFIS3I-3848252-WDW_FY24_ENG_Summer-Disney-Springs-Summer-Campaign-Display-SHOP-FLRES-NOOFF_320x50.jpg,4712492,33547
2024-08-07,CAFIS3I-3848252-WDW_FY24_ENG_Summer-Disney-Springs-Summer-Campaign-Display-SHOP-FLRES-NOOFF_728x90.zip,4712552,8769
2024-08-07,CANE5GR-437677-WDW_FY21_ENG_SCAKDA_160x600.zip,3500996,1341
2024-08-07,CANE5GR-437677-WDW_FY21_ENG_SCAKDA_300x250.zip,3500998,5256
2024-08-07,CANE5GR-437677-WDW_FY21_ENG_SCAKDA_300x600.zip,3500999,554
2024-08-07,CANE5GR-437677-WDW_FY21_ENG_SCAKDA_320x50_copy.zip,3573203,869
2024-08-07,CANE5GR-437677-WDW_FY21_ENG_SCAKDA_728x90.zip,3501001,1900
2024-08-07,CAP6FOM-3862772-FY24_DLR_ENG_HOTELS-Q3-Broad-Activate-DOM_728x90.zip,4640902,0
2024-08-07,CB6GMR6-3412402-WDW_FY23_ENG_ResortRestaurants_OliviasCafeVersionB_DOM_NOOFF_320x50.jpg,4451592,48365
2024-08-07,CB9N27O-4018710-AUL_FY24_ENG_Evergreen-Inspire_160x600.zip,4748845,19204
2024-08-07,CB9N27O-4018710-AUL_FY24_ENG_Evergreen-Inspire_300x250.zip,4748846,112398
2024-08-07,CB9N27O-4018710-AUL_FY24_ENG_Evergreen-Inspire_300x600.zip,4748848,15446
2024-08-07,CB9N27O-4018710-AUL_FY24_ENG_Evergreen-Inspire_320x50-2.jpg,4741163,71406
2024-08-07,CB9N27O-4018710-AUL_FY24_ENG_Evergreen-Inspire_728x90.zip,4748849,76473
2024-08-07,CBJWP30-3350313-WDW_FY24_SPN_DefaultBannersDomestic_300x250.jpg,4459471,41523
2024-08-07,CBJWP30-3350313-WDW_FY24_SPN_DefaultBannersDomestic_300x600.jpg,4459472,177937
2024-08-07,CBJWP30-3350313-WDW_FY24_SPN_DefaultBannersDomestic_320x50.jpg,4459473,8878
2024-08-07,CBK6HIZ-3811509-WDW_FY24_ENG_ResortConversion_BroadDomesticInspire_DOM_DomesticSummerRoomOnly_160x600.zip,4677606,0
2024-08-07,CBMWTBK-3817479-DCL_FY24_SPA_VMTFL-LATAM-NOOFF_300x250.zip,4773597,2936
2024-08-07,CBMWTBK-3817479-DCL_FY24_SPA_VMTFL-LATAM-NOOFF_300x600.zip,4773598,8183
2024-08-07,CBPF51Q-3413114-WDW_FY24_SPA_Hispanic_DAK_HISP_NOOFF_Pura_Magia_Set_3_160x600.zip,4736424,648
2024-08-07,CBPF51Q-3413114-WDW_FY24_SPA_Hispanic_DAK_HISP_NOOFF_Pura_Magia_Set_3_300x250.zip,4736425,20841
2024-08-07,CBPF51Q-3413114-WDW_FY24_SPA_Hispanic_DAK_HISP_NOOFF_Pura_Magia_Set_3_300x600.zip,4736426,489
2024-08-07,CBPF51Q-3413114-WDW_FY24_SPA_Hispanic_DAK_HISP_NOOFF_Pura_Magia_Set_3_320x50.jpg,4635730,48984
2024-08-07,CBPF51Q-3413114-WDW_FY24_SPA_Hispanic_DAK_HISP_NOOFF_Pura_Magia_Set_3_728x90.zip,4736428,1497
2024-08-07,"CBVU7S9-3894151-NGE_FY24_ENG_Q3 Expedition Cruise Baja_160x600.png",4673781,6104
2024-08-07,"CBVU7S9-3894151-NGE_FY24_ENG_Q3 Expedition Cruise Baja_300x250.png",4673782,60603
2024-08-07,"CBVU7S9-3894151-NGE_FY24_ENG_Q3 Expedition Cruise Baja_300x600.png",4673783,5411
2024-08-07,"CBVU7S9-3894151-NGE_FY24_ENG_Q3 Expedition Cruise Baja_320x50.png",4673780,69290
2024-08-07,"CBVU7S9-3894151-NGE_FY24_ENG_Q3 Expedition Cruise Baja_728x90.png",4673784,10414
2024-08-07,CBZJHOF-3766430-WDW_FY24_SPN_EPCOTTransformation_Hisp_SPA_Anim_HISP_NOOFF_160x600.zip,4676334,341
2024-08-07,CBZJHOF-3766430-WDW_FY24_SPN_EPCOTTransformation_Hisp_SPA_Anim_HISP_NOOFF_300x250.zip,4676335,9394
2024-08-07,CBZJHOF-3766430-WDW_FY24_SPN_EPCOTTransformation_Hisp_SPA_Anim_HISP_NOOFF_300x600.zip,4676336,496
2024-08-07,CBZJHOF-3766430-WDW_FY24_SPN_EPCOTTransformation_Hisp_SPA_Anim_HISP_NOOFF_320x50.jpg,4662573,1654
2024-08-07,CBZJHOF-3766430-WDW_FY24_SPN_EPCOTTransformation_Hisp_SPA_Anim_HISP_NOOFF_728x90.zip,4676337,2875
2024-08-07,CC07D1Q-3517755-DLR_FY23_ENG_SpecialProject-Titan-V1_300x250.zip,4795775,95733
2024-08-07,CC07D1Q-3517755-DLR_FY23_ENG_SpecialProject-Titan-V1_300x600.zip,4795777,30237
2024-08-07,CC07D1Q-3517755-DLR_FY23_ENG_SpecialProject-Titan-V1_728x90.zip,4795773,17113
2024-08-07,CC07D1Q-3517755-DLR_FY23_ENG_SpecialProject-Titan-V1_ENG_320x50.jpg,4510754,134627
2024-08-07,CC4ARWW-3550905-WDW_FY24_SPA_APAcquisition_Q1_Transact_FLRES_AP_Disney_Pixie_Dust_Pass_SP_160x600.zip,4482058,827
2024-08-07,CC4ARWW-3550905-WDW_FY24_SPA_APAcquisition_Q1_Transact_FLRES_AP_Disney_Pixie_Dust_Pass_SP_300x250.zip,4482059,3862
2024-08-07,CC4ARWW-3550905-WDW_FY24_SPA_APAcquisition_Q1_Transact_FLRES_AP_Disney_Pixie_Dust_Pass_SP_300x600.zip,4482060,1461
2024-08-07,CC685AL-3899050-DLR_FY24_ENG_Half-Page-Unit_300x600.jpg,4703744,1586
2024-08-07,CCHC3O1-3094956-DCL_FY23_SPA_LAND_AND_SEA_LATAM_NOOFF_300x250.zip,4262627,37
2024-08-07,CCHC3O1-3094956-DCL_FY23_SPA_LAND_AND_SEA_LATAM_NOOFF_300x600.zip,4262629,79
2024-08-07,CCHC3O1-3094956-DCL_FY23_SPA_LAND_AND_SEA_LATAM_NOOFF_320x50.jpg,4244385,7394
2024-08-07,CCTEJJI-3985402-DLR_FY24_ENG_Q4BroadResorfOffer-Activate_160x600.zip,4726468,61471
2024-08-07,CCTEJJI-3985402-DLR_FY24_ENG_Q4BroadResorfOffer-Activate_300x250.zip,4726469,648231
2024-08-07,CCTEJJI-3985402-DLR_FY24_ENG_Q4BroadResorfOffer-Activate_300x600.zip,4726471,52438
2024-08-07,CCTEJJI-3985402-DLR_FY24_ENG_Q4BroadResorfOffer-Activate_320x50.jpg,4724674,316448
2024-08-07,CCTEJJI-3985402-DLR_FY24_ENG_Q4BroadResorfOffer-Activate_728x90.zip,4726467,217560
2024-08-07,CCTMIRL-3879950-WDW_FY24_PORT_PreSchool_SULLY_LATAM_NOOFF_300x250.zip,4727844,5541
2024-08-07,CCTMIRL-3879950-WDW_FY24_PORT_PreSchool_SULLY_LATAM_NOOFF_300x600.zip,4727846,53779
2024-08-07,CCTMIRL-3879950-WDW_FY24_PORT_PreSchool_SULLY_LATAM_NOOFF_320x50.jpg,4632217,7596
2024-08-07,CCTMIRL-3879950-WDW_FY24_SPA_PreSchool_SULLY_LATAM_NOOFF_300x250.zip,4727849,17193
2024-08-07,CCTMIRL-3879950-WDW_FY24_SPA_PreSchool_SULLY_LATAM_NOOFF_300x600.zip,4727850,93145
2024-08-07,CCTMIRL-3879950-WDW_FY24_SPA_PreSchool_SULLY_LATAM_NOOFF_320x50.jpg,4632297,15757
2024-08-07,CDM1ZND-3981917-WDW_FY25_ENG_ResortConversion-Q1-HolidayRoomOffer-DOM-NOOFF_160x600.zip,4764282,29244
2024-08-07,CDM1ZND-3981917-WDW_FY25_ENG_ResortConversion-Q1-HolidayRoomOffer-DOM-NOOFF_300x250.zip,4764283,295841
2024-08-07,CDM1ZND-3981917-WDW_FY25_ENG_ResortConversion-Q1-HolidayRoomOffer-DOM-NOOFF_300x600.zip,4764284,27571
2024-08-07,CDM1ZND-3981917-WDW_FY25_ENG_ResortConversion-Q1-HolidayRoomOffer-DOM-NOOFF_320x50.jpg,4753589,163199
2024-08-07,CDM1ZND-3981917-WDW_FY25_ENG_ResortConversion-Q1-HolidayRoomOffer-DOM-NOOFF_728x90.zip,4764286,97045
2024-08-07,CDO7ZFV-3674075-WDW_FY24_ENG_FLResidentTicket-DISCOVER-DISNEY-TRANSACT-FLRES-Discover-Disney-Ticket_160x600.zip,4634476,6620
2024-08-07,CDO7ZFV-3674075-WDW_FY24_ENG_FLResidentTicket-DISCOVER-DISNEY-TRANSACT-FLRES-Discover-Disney-Ticket_300x250.zip,4634477,40945
2024-08-07,CDO7ZFV-3674075-WDW_FY24_ENG_FLResidentTicket-DISCOVER-DISNEY-TRANSACT-FLRES-Discover-Disney-Ticket_300x600.zip,4634478,4300
2024-08-07,CDO7ZFV-3674075-WDW_FY24_ENG_FLResidentTicket-DISCOVER-DISNEY-TRANSACT-FLRES-Discover-Disney-Ticket_320x50.jpg,4625445,28630
2024-08-07,CDO7ZFV-3674075-WDW_FY24_ENG_FLResidentTicket-DISCOVER-DISNEY-TRANSACT-FLRES-Discover-Disney-Ticket_320x50.jpg,4635776,55152
2024-08-07,CDO7ZFV-3674075-WDW_FY24_ENG_FLResidentTicket-DISCOVER-DISNEY-TRANSACT-FLRES-Discover-Disney-Ticket_728x90.zip,4634479,14429
2024-08-07,CDZSV05-NA-WDW_FY23_ENG_DisneySpringsHWYAAliceDine_160x600.jpg,4270108,650
2024-08-07,CDZSV05-NA-WDW_FY23_ENG_DisneySpringsHWYAAliceDine_300x250.jpg,4270106,38608
2024-08-07,CDZSV05-NA-WDW_FY23_ENG_DisneySpringsHWYAAliceDine_300x600.jpg,4270107,907
2024-08-07,CDZSV05-NA-WDW_FY23_ENG_DisneySpringsHWYAAliceDine_320x50.jpg,4270105,69870
2024-08-07,CDZSV05-NA-WDW_FY23_ENG_DisneySpringsHWYAAliceDine_728x90.jpg,4270104,3993
2024-08-07,CEDQ7BL-NA-DCL_FY24_POR_LATAM_CloserToDisney_300x250.zip,4657449,28158
2024-08-07,CEDQ7BL-NA-DCL_FY24_POR_LATAM_CloserToDisney_300x600.zip,4657450,464837
2024-08-07,CEDQ7BL-NA-DCL_FY24_POR_LATAM_CloserToDisney_320x50.jpg,3012796,72971
2024-08-07,CEEZGNE-2011849-WDW_FY21_ENG_AP-Rebrand-AP-PASS-HLDR-NO-OFF_320x50,4472851,128448
2024-08-07,CEEZGNE-2011849-WDW_FY21_ENG_AP-Rebrand-AP-PASS-HLDR-NO-OFF_320x50,4472859,139194
2024-08-07,CEEZGNE-2011849-WDW_FY21_ENG_AP-Rebrand-AP-PASS-HLDR-NO-OFF_320x50,4472857,66974
2024-08-07,CEEZGNE-2011849-WDW_FY21_ENG_AP-Rebrand-AP-PASS-HLDR-NO-OFF_728x90,4472858,147659
2024-08-07,CEEZGNE-2011849-WDW_FY21_ENG_AP-Rebrand-AP-PASS-HLDR-NO-OFF_728x90,4472856,33726
2024-08-07,CEEZGNE-2011849-WDW_FY21_ENG_AP-Rebrand-AP-PASS-HLDR-NO-OFF_728x90,4472850,68600
2024-08-07,CEHDYML-3789303-WDW_FY24_ENG_DOM_Tix_MICKEY_BLK_CFT_4ParkMagicTicket_160x600.zip,4634484,31592
2024-08-07,CEHDYML-3789303-WDW_FY24_ENG_DOM_Tix_MICKEY_BLK_CFT_4ParkMagicTicket_300x250.zip,4634485,430052
2024-08-07,CEHDYML-3789303-WDW_FY24_ENG_DOM_Tix_MICKEY_BLK_CFT_4ParkMagicTicket_300x600.zip,4634486,31890
2024-08-07,CEHDYML-3789303-WDW_FY24_ENG_DOM_Tix_MICKEY_BLK_CFT_4ParkMagicTicket_320x50.jpg,4627195,247695
2024-08-07,CEHDYML-3789303-WDW_FY24_ENG_DOM_Tix_MICKEY_BLK_CFT_4ParkMagicTicket_728x90.zip,4634487,110843
2024-08-07,CEO7OQ0-3550905-WDW_FY24_ENG_APAcquisition_Q1_Inspire_FLRES_AP_Disney_Pixie_Dust_Pass_160x600.zip,4472860,15839
2024-08-07,CEO7OQ0-3550905-WDW_FY24_ENG_APAcquisition_Q1_Inspire_FLRES_AP_Disney_Pixie_Dust_Pass_300x250.zip,4472861,203992
2024-08-07,CEO7OQ0-3550905-WDW_FY24_ENG_APAcquisition_Q1_Inspire_FLRES_AP_Disney_Pixie_Dust_Pass_300x600.zip,4472862,53717
2024-08-07,CEP798G-3987252-WDW_FY24_ENG_Holidays_dombc_DOM_NOOFF_160x600.zip,4792987,16043
2024-08-07,CEP798G-3987252-WDW_FY24_ENG_Holidays_dombc_DOM_NOOFF_300x250.zip,4792988,166904
2024-08-07,CEP798G-3987252-WDW_FY24_ENG_Holidays_dombc_DOM_NOOFF_300x600.zip,4792990,11986
2024-08-07,CEP798G-3987252-WDW_FY24_ENG_Holidays_dombc_DOM_NOOFF_320x50.jpg,4776809,77339
2024-08-07,CEP798G-3987252-WDW_FY24_ENG_Holidays_dombc_DOM_NOOFF_728x90.zip,4792991,52224
2024-08-07,CEPRUNN-3225700-WDW_FY23_ENG_WPKScope_Typhoon_GEN_NOOFF_160x600.zip,4251439,40498
2024-08-07,CEPRUNN-3225700-WDW_FY23_ENG_WPKScope_Typhoon_GEN_NOOFF_300x250.zip,4251441,118221
2024-08-07,CEPRUNN-3225700-WDW_FY23_ENG_WPKScope_Typhoon_GEN_NOOFF_300x600.zip,4251442,12851
2024-08-07,CEPRUNN-3225700-WDW_FY23_ENG_WPKScope_Typhoon_GEN_NOOFF_320x50.jpg,4236951,239805
2024-08-07,CEPRUNN-3225700-WDW_FY23_ENG_WPKScope_Typhoon_GEN_NOOFF_728x90.zip,4251443,22717
2024-08-07,"CF6CIYC-3620750-NGE_ENG_FY24_Q3 Family Journeys Greece_160x600.png",4684856,5708
2024-08-07,"CF6CIYC-3620750-NGE_ENG_FY24_Q3 Family Journeys Greece_300x250.png",4684857,107880
2024-08-07,"CF6CIYC-3620750-NGE_ENG_FY24_Q3 Family Journeys Greece_300x600.png",4684860,12051
2024-08-07,"CF6CIYC-3620750-NGE_ENG_FY24_Q3 Family Journeys Greece_320x50.png",4684866,7901
2024-08-07,"CF6CIYC-3620750-NGE_ENG_FY24_Q3 Family Journeys Greece_728x90.png",4684867,2293
2024-08-07,CFNKO9I-2819803-DLR_FY23_ENG_BrandDefault-Display_160x600.zip,4065596,6684
2024-08-07,CFNKO9I-2819803-DLR_FY23_ENG_BrandDefault-Display_300x250.zip,4065567,54981
2024-08-07,CFNKO9I-2819803-DLR_FY23_ENG_BrandDefault-Display_300x600.zip,4065569,5200
2024-08-07,CFNKO9I-2819803-DLR_FY23_ENG_BrandDefault-Display_320x50,4046078,41691
2024-08-07,CFNKO9I-2819803-DLR_FY23_ENG_BrandDefault-Display_728x90.zip,4065572,20029
2024-08-07,CG26EBX-NA-RUN_FY24_ENG_Register_300x600.gif,4510867,0
2024-08-07,CGB1DNC-3899050-DLR_FY24_ENG_Medium-Rectangle-VIP_300x250.jpg,4703739,1915
2024-08-07,CGD0IM2-NA-WDW_FY23_ENG_DisneySpringsHWYAEllaShop_160x600.jpg,4270100,665
2024-08-07,CGD0IM2-NA-WDW_FY23_ENG_DisneySpringsHWYAEllaShop_300x250.jpg,4270103,42608
2024-08-07,CGD0IM2-NA-WDW_FY23_ENG_DisneySpringsHWYAEllaShop_300x600.jpg,4270101,919
2024-08-07,CGD0IM2-NA-WDW_FY23_ENG_DisneySpringsHWYAEllaShop_320x50.jpg,4270102,72383
2024-08-07,CGD0IM2-NA-WDW_FY23_ENG_DisneySpringsHWYAEllaShop_728x90.jpg,4270099,4117
2024-08-07,CGYGOIC-3787050-WDW_FY24_SPA_EPCOTTransformation_Cons_Anim__LATAM_NOOFF_320x50.jpg,4669240,0
2024-08-07,CH4HCH5-3437252-WDW_FY23_ENG_AAscope_YA_BLK_NOOFF_160x600.zip,4507680,5416
2024-08-07,CH4HCH5-3437252-WDW_FY23_ENG_AAscope_YA_BLK_NOOFF_300x250.zip,4507681,148757
2024-08-07,CH4HCH5-3437252-WDW_FY23_ENG_AAscope_YA_BLK_NOOFF_300x600.zip,4507682,5827
2024-08-07,CH4HCH5-3437252-WDW_FY23_ENG_AAscope_YA_BLK_NOOFF_320x50.jpg,4475186,72912
2024-08-07,CH4HCH5-3437252-WDW_FY23_ENG_AAscope_YA_BLK_NOOFF_728x90.zip,4507683,21518
2024-08-07,CHANC3Z-3981921-WDW_FY25_ENG_ResortConversion-Q1-FlRes-HolidayRoomOnlyOffer-Transact_V1-FLRES-Q1-FLRes-RoomOnlyOffer_160x600.zip,4798255,10130
2024-08-07,CHANC3Z-3981921-WDW_FY25_ENG_ResortConversion-Q1-FlRes-HolidayRoomOnlyOffer-Transact_V1-FLRES-Q1-FLRes-RoomOnlyOffer_300x250.zip,4798256,63496
2024-08-07,CHANC3Z-3981921-WDW_FY25_ENG_ResortConversion-Q1-FlRes-HolidayRoomOnlyOffer-Transact_V1-FLRES-Q1-FLRes-RoomOnlyOffer_300x600.zip,4798257,6742
2024-08-07,CHANC3Z-3981921-WDW_FY25_ENG_ResortConversion-Q1-FlRes-HolidayRoomOnlyOffer-Transact_V1-FLRES-Q1-FLRes-RoomOnlyOffer_320x50.jpg,4782653,40468
2024-08-07,CHANC3Z-3981921-WDW_FY25_ENG_ResortConversion-Q1-FlRes-HolidayRoomOnlyOffer-Transact_V1-FLRES-Q1-FLRes-RoomOnlyOffer_728x90.zip,4798258,25500
2024-08-07,CHPRBIT-3766430-WDW_FY24_ENG_EPCOTTransformation-CFL-TSB-Anim-CFT-TSB-NOOFF_160x600.zip,4664798,112368
2024-08-07,CHPRBIT-3766430-WDW_FY24_ENG_EPCOTTransformation-CFL-TSB-Anim-CFT-TSB-NOOFF_300x250.zip,4664799,776933
2024-08-07,CHPRBIT-3766430-WDW_FY24_ENG_EPCOTTransformation-CFL-TSB-Anim-CFT-TSB-NOOFF_300x600.zip,4664800,93784
2024-08-07,CHPRBIT-3766430-WDW_FY24_ENG_EPCOTTransformation-CFL-TSB-Anim-CFT-TSB-NOOFF_320x50.jpg,4662574,552318
2024-08-07,CHPRBIT-3766430-WDW_FY24_ENG_EPCOTTransformation-CFL-TSB-Anim-CFT-TSB-NOOFF_728x90.zip,4664801,316569
2024-08-07,CHY3QIZ-3413114-WDW_FY24_SPA_Hispanic_MK_HISP_NOOFF_Pura_Magia_Set_4_160x600.zip,4736414,544
2024-08-07,CHY3QIZ-3413114-WDW_FY24_SPA_Hispanic_MK_HISP_NOOFF_Pura_Magia_Set_4_300x250.zip,4736415,20047
2024-08-07,CHY3QIZ-3413114-WDW_FY24_SPA_Hispanic_MK_HISP_NOOFF_Pura_Magia_Set_4_300x600.zip,4736416,454
2024-08-07,CHY3QIZ-3413114-WDW_FY24_SPA_Hispanic_MK_HISP_NOOFF_Pura_Magia_Set_4_320x50,4634114,26979
2024-08-07,CHY3QIZ-3413114-WDW_FY24_SPA_Hispanic_MK_HISP_NOOFF_Pura_Magia_Set_4_728x90.zip,4736417,1367
2024-08-07,CISCXN8-3710853-DLR_FY24_SPA_PixarFest_Inspire_GEN_NOOFF_LATAM_300x600.zip,4629508,0
2024-08-07,CISCXN8-3710853-DLR_FY24_SPA_PixarFest_Inspire_GEN_NOOFF_LATAM_320X50.jpg,4625691,0
2024-08-07,CJDKX54-3640856-WDW_PREK_FY24_ENG_PreSchool-PrincePrincess-PREK-NOOFF_160x600.zip,4754621,18170
2024-08-07,CJDKX54-3640856-WDW_PREK_FY24_ENG_PreSchool-PrincePrincess-PREK-NOOFF_300x250.zip,4754622,173995
2024-08-07,CJDKX54-3640856-WDW_PREK_FY24_ENG_PreSchool-PrincePrincess-PREK-NOOFF_300x600.zip,4755328,10879
2024-08-07,CJDKX54-3640856-WDW_PREK_FY24_ENG_PreSchool-PrincePrincess-PREK-NOOFF_320x50.jpg,4578149,131017
2024-08-07,CJDKX54-3640856-WDW_PREK_FY24_ENG_PreSchool-PrincePrincess-PREK-NOOFF_728x90.zip,4754624,75947
2024-08-07,CJMZC9D-3199360-DVC_FY23_ENG_DVCNAT-ActivateQ4-Display-Banners-DOM-NOOFF_160x600.zip,4412185,6192
2024-08-07,CJMZC9D-3199360-DVC_FY23_ENG_DVCNAT-ActivateQ4-Display-Banners-DOM-NOOFF_300x250.zip,4412187,38308
2024-08-07,CJMZC9D-3199360-DVC_FY23_ENG_DVCNAT-ActivateQ4-Display-Banners-DOM-NOOFF_300x600.zip,4412184,3557
2024-08-07,CJMZC9D-3199360-DVC_FY23_ENG_DVCNAT-ActivateQ4-Display-Banners-DOM-NOOFF_728x90.zip,4412186,7900
2024-08-07,CJMZC9D-3199360-DVC_FY23_ENG_Q4-Display-Banners-Standard-Activate-Pillar_320x50.jpg,4411678,17951
2024-08-07,CJNNUJF-3981917-WDW_FY25_ENG_ResortConversion-Q1-HolidayRoomOffer-TSB-NOOFF_160x600.zip,4757965,111247
2024-08-07,CJNNUJF-3981917-WDW_FY25_ENG_ResortConversion-Q1-HolidayRoomOffer-TSB-NOOFF_300x250.zip,4757966,746134
2024-08-07,CJNNUJF-3981917-WDW_FY25_ENG_ResortConversion-Q1-HolidayRoomOffer-TSB-NOOFF_300x600.zip,4757968,90325
2024-08-07,CJNNUJF-3981917-WDW_FY25_ENG_ResortConversion-Q1-HolidayRoomOffer-TSB-NOOFF_320x50.jpg,4751313,494631
2024-08-07,CJNNUJF-3981917-WDW_FY25_ENG_ResortConversion-Q1-HolidayRoomOffer-TSB-NOOFF_728x90.zip,4757969,231222
2024-08-07,CJTXGKP-3678883-WDW_FY24_ENG_Q2_EEC_Dig_Banners_EEC_Amorettes_Patisserie_Cake_Decorating_Experience_DOM_NOOFF_160x600.zip,4568703,3965
2024-08-07,CJTXGKP-3678883-WDW_FY24_ENG_Q2_EEC_Dig_Banners_EEC_Amorettes_Patisserie_Cake_Decorating_Experience_DOM_NOOFF_300x250.zip,4568704,3146
2024-08-07,CJTXGKP-3678883-WDW_FY24_ENG_Q2_EEC_Dig_Banners_EEC_Amorettes_Patisserie_Cake_Decorating_Experience_DOM_NOOFF_300x600.zip,4568705,1296
2024-08-07,CJTXGKP-3678883-WDW_FY24_ENG_Q2_EEC_Dig_Banners_EEC_Amorettes_Patisserie_Cake_Decorating_Experience_DOM_NOOFF_320x50.jpg,4564134,1219
2024-08-07,CJTXGKP-3678883-WDW_FY24_ENG_Q2_EEC_Dig_Banners_EEC_Amorettes_Patisserie_Cake_Decorating_Experience_DOM_NOOFF_728x90.zip,4568706,15577
2024-08-07,CJZ696B-3943503-WDW_FY24_ENG_Hispanic_Epcot_HISP_NOOFF_160x600.zip,4798824,16239
2024-08-07,CJZ696B-3943503-WDW_FY24_ENG_Hispanic_Epcot_HISP_NOOFF_300x250.zip,4798825,78690
2024-08-07,CJZ696B-3943503-WDW_FY24_ENG_Hispanic_Epcot_HISP_NOOFF_300x600.zip,4798826,6256
2024-08-07,CJZ696B-3943503-WDW_FY24_ENG_Hispanic_Epcot_HISP_NOOFF_320x50.jpg,4786125,47203
2024-08-07,CJZ696B-3943503-WDW_FY24_ENG_Hispanic_Epcot_HISP_NOOFF_728x90.zip,4798827,39094
2024-08-07,CKBMV9E-3987252-WDW_FY24_SPA_Holidays_latamspan_LATAM_NOOFF_300x250.zip,4806921,25107
2024-08-07,CKBMV9E-3987252-WDW_FY24_SPA_Holidays_latamspan_LATAM_NOOFF_300x600.zip,4806922,47218
2024-08-07,CKBMV9E-3987252-WDW_FY24_SPA_Holidays_latamspan_LATAM_NOOFF_320x50.jpg,4786461,10890
2024-08-07,CKHPVN0-4006714-WDW_FY24_ENG_FoodWine-TSB-Animated-TSB-Activate-NOOFF_160x600.zip,4757961,107345
2024-08-07,CKHPVN0-4006714-WDW_FY24_ENG_FoodWine-TSB-Animated-TSB-Activate-NOOFF_300x250.zip,4757962,751461
2024-08-07,CKHPVN0-4006714-WDW_FY24_ENG_FoodWine-TSB-Animated-TSB-Activate-NOOFF_300x600.zip,4757963,75586
2024-08-07,CKHPVN0-4006714-WDW_FY24_ENG_FoodWine-TSB-Animated-TSB-Activate-NOOFF_320x50.jpg,4748560,619710
2024-08-07,CKHPVN0-4006714-WDW_FY24_ENG_FoodWine-TSB-Animated-TSB-Activate-NOOFF_728x90.zip,4757964,260385
2024-08-07,CKNNMQ6-3787050-WDW_FY24_PORT_EPCOTTransformation_Cons_Anim__LATAM_NOOFF_300x600.zip,4727861,0
2024-08-07,CKT7SA4-3867550-DPEP_FY24_ENG_STORYLIVING-COTINO-PRE-SALES_160x600.zip,4695722,13372
2024-08-07,CKT7SA4-3867550-DPEP_FY24_ENG_STORYLIVING-COTINO-PRE-SALES_300x250.zip,4695723,134115
2024-08-07,CKT7SA4-3867550-DPEP_FY24_ENG_STORYLIVING-COTINO-PRE-SALES_300x600.zip,4695724,9303
2024-08-07,CKT7SA4-3867550-DPEP_FY24_ENG_STORYLIVING-COTINO-PRE-SALES_320x50.zip,4695727,175419
2024-08-07,CKT7SA4-3867550-DPEP_FY24_ENG_STORYLIVING-COTINO-PRE-SALES_728x90.zip,4695725,65261
2024-08-07,CKU8RCT-3999626-DLR_FY24_ENG_PlazaDeLaFamilia_Refresh_Inspire_160x600.zip,4786601,92861
2024-08-07,CKU8RCT-3999626-DLR_FY24_ENG_PlazaDeLaFamilia_Refresh_Inspire_300x250.zip,4786602,765484
2024-08-07,CKU8RCT-3999626-DLR_FY24_ENG_PlazaDeLaFamilia_Refresh_Inspire_300x600.zip,4786604,88705
2024-08-07,CKU8RCT-3999626-DLR_FY24_ENG_PlazaDeLaFamilia_Refresh_Inspire_320x50.jpg,4766327,408439
2024-08-07,CKU8RCT-3999626-DLR_FY24_ENG_PlazaDeLaFamilia_Refresh_Inspire_728x90.zip,4786600,581188
2024-08-07,CKWX37I-2789846-DLR_FY23_ENG_HotelEvergreen-WelcomeToHappy_160x600.zip,4232549,359
2024-08-07,CKWX37I-2789846-DLR_FY23_ENG_HotelEvergreen-WelcomeToHappy_300x250.zip,4232550,3235
2024-08-07,CKWX37I-2789846-DLR_FY23_ENG_HotelEvergreen-WelcomeToHappy_300x600.zip,4232551,387
2024-08-07,CKWX37I-2789846-DLR_FY23_ENG_HotelEvergreen-WelcomeToHappy_320x50.jpg,4226962,1163
2024-08-07,CKWX37I-2789846-DLR_FY23_ENG_HotelEvergreen-WelcomeToHappy_728x90.zip,4232548,1333
2024-08-07,"CL6GKZ6-NA-SPT_FY24_ENG_ESPN Pitch to Pixie_320x50.gif",4728198,0
2024-08-07,CLC1DYK-3199360-DVC_FY23_ENG_DVCNAT-InspireQ4-Display-Banners-DOM-NOOFF_160x600.zip,4412210,18958
2024-08-07,CLC1DYK-3199360-DVC_FY23_ENG_DVCNAT-InspireQ4-Display-Banners-DOM-NOOFF_300x250.zip,4412213,159669
2024-08-07,CLC1DYK-3199360-DVC_FY23_ENG_DVCNAT-InspireQ4-Display-Banners-DOM-NOOFF_300x600.zip,4412209,37937
2024-08-07,CLC1DYK-3199360-DVC_FY23_ENG_DVCNAT-InspireQ4-Display-Banners-DOM-NOOFF_728x90.zip,4412211,14874
2024-08-07,CLC1DYK-3199360-DVC_FY23_ENG_Q4-Display-Banners-Standard-Inspire-V1_320x50.jpg,4411680,54904
2024-08-07,CLPD62U-3789303-WDW_FY24_SP_DOM_Tix_MICKEY_LATAM_4ParkMagicTicket_300x250.zip,4657181,68436
2024-08-07,CLPD62U-3789303-WDW_FY24_SP_DOM_Tix_MICKEY_LATAM_4ParkMagicTicket_300x600.zip,4657182,512731
2024-08-07,CLPD62U-3789303-WDW_FY24_SP_DOM_Tix_MICKEY_LATAM_4ParkMagicTicket_320x50.jpg,4611509,69273
2024-08-07,CLPXFAG-3848252-WDW_FY24_ENG_Summer-Disney-Springs-Summer-Campaign-Display-DINE-FLRES-NOOFF_160x600.zip,4712541,968
2024-08-07,CLPXFAG-3848252-WDW_FY24_ENG_Summer-Disney-Springs-Summer-Campaign-Display-DINE-FLRES-NOOFF_300x250.zip,4712542,36441
2024-08-07,CLPXFAG-3848252-WDW_FY24_ENG_Summer-Disney-Springs-Summer-Campaign-Display-DINE-FLRES-NOOFF_300x600.zip,4712543,1723
2024-08-07,CLPXFAG-3848252-WDW_FY24_ENG_Summer-Disney-Springs-Summer-Campaign-Display-DINE-FLRES-NOOFF_320x50.jpg,4712493,33096
2024-08-07,CLPXFAG-3848252-WDW_FY24_ENG_Summer-Disney-Springs-Summer-Campaign-Display-DINE-FLRES-NOOFF_728x90.zip,4712544,8487
2024-08-07,CM236OL-3550905-WDW_FY24_ENG_APAcquisition_Q1_Transact_FLRES_AP_Disney_Pixie_Dust_Pass_160x600.zip,4472863,15462
2024-08-07,CM236OL-3550905-WDW_FY24_ENG_APAcquisition_Q1_Transact_FLRES_AP_Disney_Pixie_Dust_Pass_300x250.zip,4472864,95595
2024-08-07,CM236OL-3550905-WDW_FY24_ENG_APAcquisition_Q1_Transact_FLRES_AP_Disney_Pixie_Dust_Pass_300x600.zip,4472865,10099
2024-08-07,CM326LD-4112389-DLR_FY24_ENG_Halloween_INS_DOM_NOOFF_160x600.zip,4786586,107341
2024-08-07,CM326LD-4112389-DLR_FY24_ENG_Halloween_INS_DOM_NOOFF_300x250.zip,4786587,804097
2024-08-07,CM326LD-4112389-DLR_FY24_ENG_Halloween_INS_DOM_NOOFF_300x600.zip,4786589,93943
2024-08-07,CM326LD-4112389-DLR_FY24_ENG_Halloween_INS_DOM_NOOFF_320x50.jpg,4770976,368335
2024-08-07,CM326LD-4112389-DLR_FY24_ENG_Halloween_INS_DOM_NOOFF_728x90.zip,4786585,613177
2024-08-07,CMO1GGZ-1969653-DCL_FY21_ENG_DCLDestinations_Europe_DOM_NOOFF_160x600.zip,3707504,4237
2024-08-07,CMO1GGZ-1969653-DCL_FY21_ENG_DCLDestinations_Europe_DOM_NOOFF_300x250.zip,3707510,30564
2024-08-07,CMO1GGZ-1969653-DCL_FY21_ENG_DCLDestinations_Europe_DOM_NOOFF_300x600.zip,3707517,4876
2024-08-07,CMO1GGZ-1969653-DCL_FY21_ENG_DCLDestinations_Europe_DOM_NOOFF_320x50,3552581,32740
2024-08-07,CMO1GGZ-1969653-DCL_FY21_ENG_DCLDestinations_Europe_DOM_NOOFF_728x90.zip,3707524,10313
2024-08-07,CMXJUAY-4118701-DVC_FY24_ENG_DVCDLR-VDH-DLR-NowOpen-DOM-NOOFF_300x250.zip,4795352,12726
2024-08-07,CMXJUAY-4118701-DVC_FY24_ENG_DVCDLR-VDH-DLR-NowOpen-DOM-NOOFF_300x600.zip,4795353,10978
2024-08-07,CMXJUAY-4118701-DVC_FY24_ENG_DVCDLR-VDH-DLR-NowOpen-DOM-NOOFF_728x90.zip,4795354,2959
2024-08-07,CMXJUAY-4118701-DVC_FY24_ENG_DVCDLR-VDH-DLR-NowOpen-Static-DOM-NOOFF_320x50.jpg,4772149,3471
2024-08-07,CMY0AJ6-3678891-WDW_FY24_ENG_Q2_Dining_Dig_Banners_ResortRestaurants_Turf_Club_DOM_NOOFF_160x600.zip,4568711,25689
2024-08-07,CMY0AJ6-3678891-WDW_FY24_ENG_Q2_Dining_Dig_Banners_ResortRestaurants_Turf_Club_DOM_NOOFF_300x250.zip,4568712,118892
2024-08-07,CMY0AJ6-3678891-WDW_FY24_ENG_Q2_Dining_Dig_Banners_ResortRestaurants_Turf_Club_DOM_NOOFF_300x600.zip,4568713,10156
2024-08-07,CMY0AJ6-3678891-WDW_FY24_ENG_Q2_Dining_Dig_Banners_ResortRestaurants_Turf_Club_DOM_NOOFF_320x50.jpg,4564135,42677
2024-08-07,CMY0AJ6-3678891-WDW_FY24_ENG_Q2_Dining_Dig_Banners_ResortRestaurants_Turf_Club_DOM_NOOFF_728x90.zip,4568714,60149
2024-08-07,CN3J4ND-3817479-DCL_FY24_ENG_VMTTX-DOM-NOOFF_160x600.zip,4750130,2914
2024-08-07,CN3J4ND-3817479-DCL_FY24_ENG_VMTTX-DOM-NOOFF_300x250.zip,4750131,32278
2024-08-07,CN3J4ND-3817479-DCL_FY24_ENG_VMTTX-DOM-NOOFF_300x600.zip,4750132,2926
2024-08-07,CN3J4ND-3817479-DCL_FY24_ENG_VMTTX-DOM-NOOFF_728x90.zip,4750133,5847
2024-08-07,CNDELAO-1847998-DLR_FY21_ENG_365-Evergreen-Generic-No-Date_160x600,3424616,7242
2024-08-07,CNDELAO-1847998-DLR_FY21_ENG_365-Evergreen-Generic-No-Date_300x250,3424617,56503
2024-08-07,CNDELAO-1847998-DLR_FY21_ENG_365-Evergreen-Generic-No-Date_300x600,3424618,5957
2024-08-07,CNDELAO-1847998-DLR_FY21_ENG_365-Evergreen-Generic-No-Date_320x50,3568675,33523
2024-08-07,CNDELAO-1847998-DLR_FY21_ENG_365-Evergreen-Generic-No-Date_728x90,3424619,18038
2024-08-07,CNGZOMN-3976055-DLR_FY24_ENG_HalloweenTime-Activate_160x600.zip,4760191,21716
2024-08-07,CNGZOMN-3976055-DLR_FY24_ENG_HalloweenTime-Activate_300x250.zip,4760192,193199
2024-08-07,CNGZOMN-3976055-DLR_FY24_ENG_HalloweenTime-Activate_300x600.zip,4760194,16881
2024-08-07,CNGZOMN-3976055-DLR_FY24_ENG_HalloweenTime-Activate_320x50.jpg,4748206,94065
2024-08-07,CNGZOMN-3976055-DLR_FY24_ENG_HalloweenTime-Activate_728x90.zip,4760190,83298
2024-08-07,CNR8JII-3899050-DLR_FY24_ENG_Leaderboard_970x250.jpg,4703740,538
2024-08-07,CNTDHIL-2298900-DCL_FY22_ENG_ME-TIME-WE-TIME_DOM_NOOFF_160x600.zip,3807814,8985
2024-08-07,CNTDHIL-2298900-DCL_FY22_ENG_ME-TIME-WE-TIME_DOM_NOOFF_300x250.zip,3807815,72820
2024-08-07,CNTDHIL-2298900-DCL_FY22_ENG_ME-TIME-WE-TIME_DOM_NOOFF_300x600.zip,3807816,37209
2024-08-07,CNTDHIL-2298900-DCL_FY22_ENG_ME-TIME-WE-TIME_DOM_NOOFF_320x50,3792457,94544
2024-08-07,CNTDHIL-2298900-DCL_FY22_ENG_ME-TIME-WE-TIME_DOM_NOOFF_728x90.zip,3807818,35950
2024-08-07,CNTHI5T-3965360-DLR_FY24_ENG_Q3Q4TicketOffer-Generic-Activate_160x600.zip,4726441,62588
2024-08-07,CNTHI5T-3965360-DLR_FY24_ENG_Q3Q4TicketOffer-Generic-Activate_300x250.zip,4726448,647390
2024-08-07,CNTHI5T-3965360-DLR_FY24_ENG_Q3Q4TicketOffer-Generic-Activate_300x600.zip,4726457,54327
2024-08-07,CNTHI5T-3965360-DLR_FY24_ENG_Q3Q4TicketOffer-Generic-Activate_320x50.jpg,4722980,309764
2024-08-07,CNTHI5T-3965360-DLR_FY24_ENG_Q3Q4TicketOffer-Generic-Activate_728x90.zip,4726437,220502
2024-08-07,CNUKNBL-NA_DCL_FY24_AR_LATAM_CloserToDisney_300x250.zip,4692495,32491
2024-08-07,CNUKNBL-NA_DCL_FY24_AR_LATAM_CloserToDisney_300x600.zip,4692494,12253
2024-08-07,CNUKNBL-NA_DCL_FY24_AR_LATAM_CloserToDisney_320x50.jpg,4692492,46103
2024-08-07,CNUKNBL-NA_DCL_FY24_CH_LATAM_CloserToDisney_300x250.zip,4692500,8957
2024-08-07,CNUKNBL-NA_DCL_FY24_CH_LATAM_CloserToDisney_300x600.zip,4692499,305
2024-08-07,CNUKNBL-NA_DCL_FY24_CH_LATAM_CloserToDisney_320x50.jpg,4692497,11179
2024-08-07,CNUKNBL-NA_DCL_FY24_CO_LATAM_CloserToDisney_300x250.zip,4692505,7889
2024-08-07,CNUKNBL-NA_DCL_FY24_CO_LATAM_CloserToDisney_300x600.zip,4692504,10847
2024-08-07,CNUKNBL-NA_DCL_FY24_CO_LATAM_CloserToDisney_320x50.jpg,4692502,49118
2024-08-07,CNUKNBL-NA_DCL_FY24_PE_LATAM_CloserToDisney_300x250.zip,4692510,2205
2024-08-07,CNUKNBL-NA_DCL_FY24_PE_LATAM_CloserToDisney_300x600.zip,4692509,7394
2024-08-07,CNUKNBL-NA_DCL_FY24_PE_LATAM_CloserToDisney_320x50.jpg,4692507,1730
2024-08-07,CNUKNBL-NA_DCL_FY24_SPA_LATAM_CloserToDisney_300x250.zip,4657453,61430
2024-08-07,CNUKNBL-NA_DCL_FY24_SPA_LATAM_CloserToDisney_300x600.zip,4657454,154380
2024-08-07,CNUKNBL-NA_DCL_FY24_SPA_LATAM_CloserToDisney_320x50.jpg,3012788,88219
2024-08-07,COEARIQ-2826009-DCL_FY22_ENG_PLUTO_01_DOM_NOOFF_160x600.zip,4163768,2291
2024-08-07,COEARIQ-2826009-DCL_FY22_ENG_PLUTO_01_DOM_NOOFF_300x250.zip,4163769,11588
2024-08-07,COEARIQ-2826009-DCL_FY22_ENG_PLUTO_01_DOM_NOOFF_300x600.zip,4163770,2359
2024-08-07,COEARIQ-2826009-DCL_FY22_ENG_PLUTO_01_DOM_NOOFF_320x50,4074216,9477
2024-08-07,COEARIQ-2826009-DCL_FY22_ENG_PLUTO_01_DOM_NOOFF_728x90.zip,4163771,3269
2024-08-07,COKWCSS-3566402-WDW-FY24-SPA_WDW_Brand-TMMPOE_V2-LATAM-NOOFF_300x250.zip,4727942,6938
2024-08-07,COKWCSS-3566402-WDW-FY24-SPA_WDW_Brand-TMMPOE_V2-LATAM-NOOFF_300x600.zip,4727943,28638
2024-08-07,COKWCSS-3566402-WDW-FY24-SPA_WDW_Brand-TMMPOE_V2-LATAM-NOOFF_320x50.jpg,4569696,4816
2024-08-07,COMHC7B-3566402-WDW-FY24_SPA_WDW_Brand-TMMPOE_V1-LATAM-NOOFF_300x250.zip,4727878,26036
2024-08-07,COMHC7B-3566402-WDW-FY24_SPA_WDW_Brand-TMMPOE_V1-LATAM-NOOFF_300x600.zip,4727879,120474
2024-08-07,COMHC7B-3566402-WDW-FY24_SPA_WDW_Brand-TMMPOE_V1-LATAM-NOOFF_320x50.jpg,4569697,19618
2024-08-07,COQN6F0-2976950-DCL_FY23_ENG_ACTIVATE_WAVE2_DOM_NOOFF_160x600.zip,4169159,4968
2024-08-07,COQN6F0-2976950-DCL_FY23_ENG_ACTIVATE_WAVE2_DOM_NOOFF_300x250.zip,4169160,58449
2024-08-07,COQN6F0-2976950-DCL_FY23_ENG_ACTIVATE_WAVE2_DOM_NOOFF_300x600.zip,4169161,3464
2024-08-07,COQN6F0-2976950-DCL_FY23_ENG_ACTIVATE_WAVE2_DOM_NOOFF_728x90.zip,4169162,14908
2024-08-07,COW3SW0_3971902_WDWMK_FY24_MNSSHP_Maximize_Anim_TSB_NOOFF_EN_160x600.zip,4793266,7139
2024-08-07,COW3SW0_3971902_WDWMK_FY24_MNSSHP_Maximize_Anim_TSB_NOOFF_EN_300x250.zip,4793267,54577
2024-08-07,COW3SW0_3971902_WDWMK_FY24_MNSSHP_Maximize_Anim_TSB_NOOFF_EN_300x600.zip,4793268,2899
2024-08-07,COW3SW0_3971902_WDWMK_FY24_MNSSHP_Maximize_Anim_TSB_NOOFF_EN_320x50.jpg,4767307,28949
2024-08-07,COW3SW0_3971902_WDWMK_FY24_MNSSHP_Maximize_Anim_TSB_NOOFF_EN_728x90.zip,4793269,15825
2024-08-07,CP7660V-3332255-DCL_FY23_ENG_INSPIRE_FLRES_DOM_NOOFF_160x600.zip,4425970,4359
2024-08-07,CP7660V-3332255-DCL_FY23_ENG_INSPIRE_FLRES_DOM_NOOFF_300x250.zip,4425971,42481
2024-08-07,CP7660V-3332255-DCL_FY23_ENG_INSPIRE_FLRES_DOM_NOOFF_300x600.zip,4425972,3258
2024-08-07,CP7660V-3332255-DCL_FY23_ENG_INSPIRE_FLRES_DOM_NOOFF_728x90.zip,4425973,10675
2024-08-07,CP81KSN-3415152-DVC_FY23_ENG_Pascal_VDH_NowOpenDisplay_DOM_NOOFF_160x600.zip,4461563,25292
2024-08-07,CP81KSN-3415152-DVC_FY23_ENG_Pascal_VDH_NowOpenDisplay_DOM_NOOFF_300x250.zip,4461565,197818
2024-08-07,CP81KSN-3415152-DVC_FY23_ENG_Pascal_VDH_NowOpenDisplay_DOM_NOOFF_300x600.zip,4461562,42009
2024-08-07,CP81KSN-3415152-DVC_FY23_ENG_Pascal_VDH_NowOpenDisplay_DOM_NOOFF_320x50.jpg,4449310,72749
2024-08-07,CP81KSN-3415152-DVC_FY23_ENG_Pascal_VDH_NowOpenDisplay_DOM_NOOFF_728x90.zip,4461564,22835
2024-08-07,CPKI59Y-3817479_DCL_FY24_COMBO-LATAM-NOOFF-PORT_300x250.zip,4773575,18109
2024-08-07,CPKI59Y-3817479_DCL_FY24_COMBO-LATAM-NOOFF-PORT_300x600.zip,4773576,266089
2024-08-07,CPQZVEH-3831852-WDW_FY24_ENG_Click-DOM-4-Park-Magic-Ticket_160x600.zip,4754513,78621
2024-08-07,CPQZVEH-3831852-WDW_FY24_ENG_Click-DOM-4-Park-Magic-Ticket_300x250.zip,4754514,643633
2024-08-07,CPQZVEH-3831852-WDW_FY24_ENG_Click-DOM-4-Park-Magic-Ticket_300x600.zip,4754515,87218
2024-08-07,CPQZVEH-3831852-WDW_FY24_ENG_Click-DOM-4-Park-Magic-Ticket_320x50.jpg,4754109,427010
2024-08-07,CPQZVEH-3831852-WDW_FY24_ENG_Click-DOM-4-Park-Magic-Ticket_728x90.zip,4754516,313722
2024-08-07,CPW4GHA-3566402-WDW_FY24_PORT_Brand-TMMPOE_V1-LATAM-NOOFF-_320x50.jpg,4569698,18601
2024-08-07,CPW4GHA-3566402-WDW_FY24_PORT_Brand-TMMPOE_V1-LATAM-NOOFF_300x250.zip,4727874,13654
2024-08-07,CPW4GHA-3566402-WDW_FY24_PORT_Brand-TMMPOE_V1-LATAM-NOOFF_300x600.zip,4727875,82397
2024-08-07,CQ2PBXT-4023707-WDW_FY24_ENG_DDA-Launch-BLK-NOOFF_160x600.jpg,4779742,142
2024-08-07,CQ2PBXT-4023707-WDW_FY24_ENG_DDA-Launch-BLK-NOOFF_300x600.jpg,4779744,57
2024-08-07,CQ2PBXT-4023707-WDW_FY24_ENG_DDA-Launch-BLK-NOOFF_320x50.jpg,4779745,9370
2024-08-07,CQ2PBXT-4023707-WDW_FY24_ENG_DDA-Launch-BLK-NOOFF_728x90.jpg,4779746,779
2024-08-07,CQ2PBXT_4023707_WDWAA_FY24_DDA_Launch_BLK_NOOFF_EN_300x250.jpg,4779743,7742
2024-08-07,CQ71Z80-3994202-RUND_FY24_ENG_runDSpring-FY24-Springtime-Surprise-2025-Digital-Banners-Learn-More-PRE-REG-DOM-NOOFF_160x600.zip,4818730,543
2024-08-07,CQ71Z80-3994202-RUND_FY24_ENG_runDSpring-FY24-Springtime-Surprise-2025-Digital-Banners-Learn-More-PRE-REG-DOM-NOOFF_300x250.zip,4818731,78997
2024-08-07,CQ71Z80-3994202-RUND_FY24_ENG_runDSpring-FY24-Springtime-Surprise-2025-Digital-Banners-Learn-More-PRE-REG-DOM-NOOFF_300x600.zip,4818732,2371
2024-08-07,CQ71Z80-3994202-RUND_FY24_ENG_runDSpring-FY24-Springtime-Surprise-2025-Digital-Banners-Learn-More-PRE-REG-DOM-NOOFF_728x90.zip,4818733,2586
2024-08-07,CQEZ58P-3976055-DLR_FY24_ENG_HalloweenTime-Inspire_160x600.zip,4760363,145835
2024-08-07,CQEZ58P-3976055-DLR_FY24_ENG_HalloweenTime-Inspire_300x250.zip,4760364,889602
2024-08-07,CQEZ58P-3976055-DLR_FY24_ENG_HalloweenTime-Inspire_300x600.zip,4760366,129601
2024-08-07,CQEZ58P-3976055-DLR_FY24_ENG_HalloweenTime-Inspire_320x50.jpg,4748205,426555
2024-08-07,CQEZ58P-3976055-DLR_FY24_ENG_HalloweenTime-Inspire_728x90.zip,4760362,847409
2024-08-07,CQF1DRR-3137306-WDW_FY23_ENG_ResortsCollection_MTITP_PREK_NOOFF_300x250.zip,4407021,0
2024-08-07,CQM8QCL-1969653-DCL_FY21_ENG_DCLDestinations-Alaska-DOM-NOOFF_160x600.zip,3684645,4359
2024-08-07,CQM8QCL-1969653-DCL_FY21_ENG_DCLDestinations-Alaska-DOM-NOOFF_300x250.zip,3684646,32011
2024-08-07,CQM8QCL-1969653-DCL_FY21_ENG_DCLDestinations-Alaska-DOM-NOOFF_300x600.zip,3684647,4929
2024-08-07,CQM8QCL-1969653-DCL_FY21_ENG_DCLDestinations-Alaska-DOM-NOOFF_320x50,3552582,34082
2024-08-07,CQM8QCL-1969653-DCL_FY21_ENG_DCLDestinations-Alaska-DOM-NOOFF_728x90.zip,3684648,12695
2024-08-07,CQRS2WB-DLR_FY24_ENG_Medium-Rectangle-21Royal_300x250.jpg,4703742,1784
2024-08-07,CR384AZ-3344472-WDW_FY23_VIPTours_WDWVIP_Tours_Q4_Display_Banners_DOM_160x600.zip,4418605,68955
2024-08-07,CR384AZ-3344472-WDW_FY23_VIPTours_WDWVIP_Tours_Q4_Display_Banners_DOM_300x250.zip,4418606,163534
2024-08-07,CR384AZ-3344472-WDW_FY23_VIPTours_WDWVIP_Tours_Q4_Display_Banners_DOM_300x600.zip,4418607,93
2024-08-07,CR384AZ-3344472-WDW_FY23_VIPTours_WDWVIP_Tours_Q4_Display_Banners_DOM_320x50.jpg,4373220,38842
2024-08-07,CR384AZ-3344472-WDW_FY23_VIPTours_WDWVIP_Tours_Q4_Display_Banners_DOM_728x90.zip,4418608,115319
2024-08-07,CRD74QD-3789303-WDW_FY24_PT_DOM_Tix_MICKEY_LATAM_4ParkMagicTicket_300x250.zip,4657176,27438
2024-08-07,CRD74QD-3789303-WDW_FY24_PT_DOM_Tix_MICKEY_LATAM_4ParkMagicTicket_300x600.zip,4657177,99292
2024-08-07,CRD74QD-3789303-WDW_FY24_PT_DOM_Tix_MICKEY_LATAM_4ParkMagicTicket_320x50.jpg,4611538,23468
2024-08-07,CRET7AW-3976055-DLR_FY24_SPA_HalloweenTime-Activate_160x600.zip,4760196,57
2024-08-07,CRET7AW-3976055-DLR_FY24_SPA_HalloweenTime-Activate_300x250.zip,4760197,6045
2024-08-07,CRET7AW-3976055-DLR_FY24_SPA_HalloweenTime-Activate_300x600.zip,4760199,160
2024-08-07,CRET7AW-3976055-DLR_FY24_SPA_HalloweenTime-Activate_320x50.jpg,4754313,2884
2024-08-07,CRET7AW-3976055-DLR_FY24_SPA_HalloweenTime-Activate_728x90.zip,4760195,145
2024-08-07,CRH9ELB-3674075-WDW_FY24_ENG_FLResidentTicket-DISCOVER-DISNEY-ACTIVATE-FLRES-Discover-Disney-Ticket_160x600.zip,4635782,11342
2024-08-07,CRH9ELB-3674075-WDW_FY24_ENG_FLResidentTicket-DISCOVER-DISNEY-ACTIVATE-FLRES-Discover-Disney-Ticket_300x250.zip,4635783,82502
2024-08-07,CRH9ELB-3674075-WDW_FY24_ENG_FLResidentTicket-DISCOVER-DISNEY-ACTIVATE-FLRES-Discover-Disney-Ticket_300x600.zip,4635784,8055
2024-08-07,CRH9ELB-3674075-WDW_FY24_ENG_FLResidentTicket-DISCOVER-DISNEY-ACTIVATE-FLRES-Discover-Disney-Ticket_728x90.zip,4635785,29428
2024-08-07,CRI6PRB-3854800-DLR_FY24_ENG_PixarFest-Inspire-GEN-NOOFF_160x600.zip,4621572,0
2024-08-07,CRI6PRB-3854800-DLR_FY24_ENG_PixarFest-Inspire-GEN-NOOFF_728x90.zip,4621571,0
2024-08-07,CRJZ4EZ-4112389-DLR_FY24_ENG_Halloween_ACT_DOM_NOOFF_160x600.zip,4786372,18363
2024-08-07,CRJZ4EZ-4112389-DLR_FY24_ENG_Halloween_ACT_DOM_NOOFF_300x250.zip,4786373,155216
2024-08-07,CRJZ4EZ-4112389-DLR_FY24_ENG_Halloween_ACT_DOM_NOOFF_300x600.zip,4786375,13718
2024-08-07,CRJZ4EZ-4112389-DLR_FY24_ENG_Halloween_ACT_DOM_NOOFF_320x50.jpg,4770975,81142
2024-08-07,CRJZ4EZ-4112389-DLR_FY24_ENG_Halloween_ACT_DOM_NOOFF_728x90.zip,4786371,38616
2024-08-07,CRK2ERK-3968062-WDW_FY24_ENG_FOF-DisneySprings-FlavorsofFlorida-CFT-FLRES-NOOFF_160x600.zip,4753798,821
2024-08-07,CRK2ERK-3968062-WDW_FY24_ENG_FOF-DisneySprings-FlavorsofFlorida-CFT-FLRES-NOOFF_300x250.zip,4753799,35566
2024-08-07,CRK2ERK-3968062-WDW_FY24_ENG_FOF-DisneySprings-FlavorsofFlorida-CFT-FLRES-NOOFF_300x600.zip,4753800,1765
2024-08-07,CRK2ERK-3968062-WDW_FY24_ENG_FOF-DisneySprings-FlavorsofFlorida-CFT-FLRES-NOOFF_320x50.png,4740717,32413
2024-08-07,CRK2ERK-3968062-WDW_FY24_ENG_FOF-DisneySprings-FlavorsofFlorida-CFT-FLRES-NOOFF_728x90.zip,4753801,6422
2024-08-07,CRLTUVX_4040215_WDWMK_FY25_MVMCP_Max_Animated_NOOFF_EN_160x600.zip,4793248,10724
2024-08-07,CRLTUVX_4040215_WDWMK_FY25_MVMCP_Max_Animated_NOOFF_EN_300x250.zip,4793249,52145
2024-08-07,CRLTUVX_4040215_WDWMK_FY25_MVMCP_Max_Animated_NOOFF_EN_300x600.zip,4793250,1852
2024-08-07,CRLTUVX_4040215_WDWMK_FY25_MVMCP_Max_Animated_NOOFF_EN_320x50.png,4770683,32638
2024-08-07,CRLTUVX_4040215_WDWMK_FY25_MVMCP_Max_Animated_NOOFF_EN_728x90.zip,4793251,23640
2024-08-07,CRNZDXA-3199360-DVC_FY23_ENG_DVCNAT-ActivateQ4-Display-Banners-DOM-NOOFF_160x600.zip,4412194,6185
2024-08-07,CRNZDXA-3199360-DVC_FY23_ENG_DVCNAT-ActivateQ4-Display-Banners-DOM-NOOFF_300x250.zip,4412196,38363
2024-08-07,CRNZDXA-3199360-DVC_FY23_ENG_DVCNAT-ActivateQ4-Display-Banners-DOM-NOOFF_300x600.zip,4412193,3686
2024-08-07,CRNZDXA-3199360-DVC_FY23_ENG_DVCNAT-ActivateQ4-Display-Banners-DOM-NOOFF_728x90.zip,4412195,7968
2024-08-07,CRNZDXA-3199360-DVC_FY23_ENG_Q4-Display-Banners-Standard-Activate-Proximity_320x50.jpg,4411679,18185
2024-08-07,CRT9U26-3899050-DLR_FY24_ENG_Medium-Rectangle-Suites_300x250.jpg,4703737,1835
2024-08-07,CS29PRQ-3842549-WDW_FY24_SPA_LATAM_PuraMagia_LATAM_NOOFF_300x250.zip,4806899,13366
2024-08-07,CS29PRQ-3842549-WDW_FY24_SPA_LATAM_PuraMagia_LATAM_NOOFF_300x600.zip,4806900,29734
2024-08-07,CS29PRQ-3842549-WDW_FY24_SPA_LATAM_PuraMagia_LATAM_NOOFF_320x50,4646133,10714
2024-08-07,CS4ND5J-3851153-DLR_FY24_ENG_DTD-Q3-Foodies_160x600.zip,4664230,771
2024-08-07,CS4ND5J-3851153-DLR_FY24_ENG_DTD-Q3-Foodies_300x250.zip,4664231,10519
2024-08-07,CS4ND5J-3851153-DLR_FY24_ENG_DTD-Q3-Foodies_300x600.zip,4664233,1018
2024-08-07,CS4ND5J-3851153-DLR_FY24_ENG_DTD-Q3-Foodies_320x50.jpg,4662568,10853
2024-08-07,CS4ND5J-3851153-DLR_FY24_ENG_DTD-Q3-Foodies_728x90.zip,4664229,4841
2024-08-07,CSCM0GO-3845656-WDW_FY24_ENG_ResortRestaurants_Trattoria_Al_Forno_CFT_DOM_NOOFF_160x600.zip,4659395,2290
2024-08-07,CSCM0GO-3845656-WDW_FY24_ENG_ResortRestaurants_Trattoria_Al_Forno_CFT_DOM_NOOFF_300x250.zip,4659396,15729
2024-08-07,CSCM0GO-3845656-WDW_FY24_ENG_ResortRestaurants_Trattoria_Al_Forno_CFT_DOM_NOOFF_300x600.zip,4659397,1601
2024-08-07,CSCM0GO-3845656-WDW_FY24_ENG_ResortRestaurants_Trattoria_Al_Forno_CFT_DOM_NOOFF_320x50.jpg,4653513,5058
2024-08-07,CSCM0GO-3845656-WDW_FY24_ENG_ResortRestaurants_Trattoria_Al_Forno_CFT_DOM_NOOFF_728x90.zip,4659398,6779
2024-08-07,CSPAJMM-2178350-WDW_FY21_SPA-AP-Rebrand-PASSHLDR-Disney-Pixie-Dust-Pass_320x50,4481791,5420
2024-08-07,CSPAJMM-2178350-WDW_FY21_SPA-AP-Rebrand-PASSHLDR-Disney-Pixie-Dust-Pass_320x50,4482062,2840
2024-08-07,CSPAJMM-2178350-WDW_FY21_SPA-AP-Rebrand-PASSHLDR-Disney-Pixie-Dust-Pass_320x50,4482031,8370
2024-08-07,CSPAJMM-2178350-WDW_FY21_SPA-AP-Rebrand-PASSHLDR-Disney-Pixie-Dust-Pass_728x90,4482061,2463
2024-08-07,CSPAJMM-2178350-WDW_FY21_SPA-AP-Rebrand-PASSHLDR-Disney-Pixie-Dust-Pass_728x90,4482030,2658
2024-08-07,CSPAJMM-2178350-WDW_FY21_SPA-AP-Rebrand-PASSHLDR-Disney-Pixie-Dust-Pass_728x90,4481790,45192
2024-08-07,CSPB24Q-3511451-DLR_FY24_ENG_PremExp-Royal_300x250.zip,4664465,1068
2024-08-07,CSPB24Q-3511451-DLR_FY24_ENG_PremExp-Royal_300x600.zip,4664468,3
2024-08-07,CSPB24Q-3511451-DLR_FY24_ENG_PremExp-Royal_320x50.jpg,4610373,171
2024-08-07,CSPB24Q-3511451-DLR_FY24_ENG_PremExp-Royal_728x90.zip,4664463,929
2024-08-07,CSPB24Q-3511451-DLR_FY24_ENG_PremExp-Royal_970x250.zip,4664467,4
2024-08-07,CSS2582-3199360-DVC_FY23_ENG_DVCNAT-InspireQ4-Display-Banners-DOM-NOOFF_160x600.zip,4412199,19109
2024-08-07,CSS2582-3199360-DVC_FY23_ENG_DVCNAT-InspireQ4-Display-Banners-DOM-NOOFF_300x250.zip,4412202,160705
2024-08-07,CSS2582-3199360-DVC_FY23_ENG_DVCNAT-InspireQ4-Display-Banners-DOM-NOOFF_300x600.zip,4412198,38172
2024-08-07,CSS2582-3199360-DVC_FY23_ENG_DVCNAT-InspireQ4-Display-Banners-DOM-NOOFF_728x90.zip,4412201,14774
2024-08-07,CSS2582-3199360-DVC_FY23_ENG_Q4-Display-Banners-Standard-Inspire-V2_320x50.jpg,4411681,54929
2024-08-07,CSTTZ7V-3981917-WDW_FY25_ENG_ResortConversion-FallSavings-TSB-NOOFF_160x600.zip,4757976,117299
2024-08-07,CSTTZ7V-3981917-WDW_FY25_ENG_ResortConversion-FallSavings-TSB-NOOFF_300x250.zip,4757977,696205
2024-08-07,CSTTZ7V-3981917-WDW_FY25_ENG_ResortConversion-FallSavings-TSB-NOOFF_300x600.zip,4757978,68870
2024-08-07,CSTTZ7V-3981917-WDW_FY25_ENG_ResortConversion-FallSavings-TSB-NOOFF_320x50.jpg,4751290,506820
2024-08-07,CSTTZ7V-3981917-WDW_FY25_ENG_ResortConversion-FallSavings-TSB-NOOFF_728x90.zip,4757979,258538
2024-08-07,CSV6YDL-3845657-WDWEEC_FY24_ENG_EEC-StarWars-Experience-DOM-NOOFF_160x600.zip,4664395,3124
2024-08-07,CSV6YDL-3845657-WDWEEC_FY24_ENG_EEC-StarWars-Experience-DOM-NOOFF_300x250.zip,4664396,5606
2024-08-07,CSV6YDL-3845657-WDWEEC_FY24_ENG_EEC-StarWars-Experience-DOM-NOOFF_300x600.zip,4664397,1247
2024-08-07,CSV6YDL-3845657-WDWEEC_FY24_ENG_EEC-StarWars-Experience-DOM-NOOFF_320x50.jpg,4655288,2451
2024-08-07,CSV6YDL-3845657-WDWEEC_FY24_ENG_EEC-StarWars-Experience-DOM-NOOFF_728x90.zip,4664398,13835
2024-08-07,"CT8GY3S-3620750-NGE_ENG_FY24_Q3 Family Journeys Grand Canyon_160x600.png",4684875,5505
2024-08-07,"CT8GY3S-3620750-NGE_ENG_FY24_Q3 Family Journeys Grand Canyon_300x250.png",4684876,105739
2024-08-07,"CT8GY3S-3620750-NGE_ENG_FY24_Q3 Family Journeys Grand Canyon_300x600.png",4684877,12063
2024-08-07,"CT8GY3S-3620750-NGE_ENG_FY24_Q3 Family Journeys Grand Canyon_320x50.png",4684878,8363
2024-08-07,"CT8GY3S-3620750-NGE_ENG_FY24_Q3 Family Journeys Grand Canyon_728x90.png",4684883,2411
2024-08-07,CT9YVEX-3674075-WDW_FY24_ENG_FLResidentTicket-DISCOVER-DISNEY-INSPIRE-FLRES-Discover-Disney-Ticket_160x600.zip,4634467,3396
2024-08-07,CT9YVEX-3674075-WDW_FY24_ENG_FLResidentTicket-DISCOVER-DISNEY-INSPIRE-FLRES-Discover-Disney-Ticket_300x250.zip,4634468,45979
2024-08-07,CT9YVEX-3674075-WDW_FY24_ENG_FLResidentTicket-DISCOVER-DISNEY-INSPIRE-FLRES-Discover-Disney-Ticket_300x600.zip,4634469,12221
2024-08-07,CT9YVEX-3674075-WDW_FY24_ENG_FLResidentTicket-DISCOVER-DISNEY-INSPIRE-FLRES-Discover-Disney-Ticket_320x50.jpg,4624584,31029
2024-08-07,CT9YVEX-3674075-WDW_FY24_ENG_FLResidentTicket-DISCOVER-DISNEY-INSPIRE-FLRES-Discover-Disney-Ticket_728x90.zip,4634470,34068
2024-08-07,CTC6MDS-3713705-WDW_FY24_ENG_ResortsCollection-Transact-HISP_NOOFF_160x600.zip,4798831,11125
2024-08-07,CTC6MDS-3713705-WDW_FY24_ENG_ResortsCollection-Transact-HISP_NOOFF_300x250.zip,4798830,83372
2024-08-07,CTC6MDS-3713705-WDW_FY24_ENG_ResortsCollection-Transact-HISP_NOOFF_300x600.zip,4798829,9660
2024-08-07,CTC6MDS-3713705-WDW_FY24_ENG_ResortsCollection-Transact-HISP_NOOFF_320x50.png,4790454,44180
2024-08-07,CTC6MDS-3713705-WDW_FY24_ENG_ResortsCollection-Transact-HISP_NOOFF_728x90.zip,4798828,35643
2024-08-07,CTFSPEK-2299251-DCL_FY22_ENG_INSPIRE_TX_DOM_NOOFF_160x600.zip,3845631,3699
2024-08-07,CTFSPEK-2299251-DCL_FY22_ENG_INSPIRE_TX_DOM_NOOFF_300x250.zip,3845632,69746
2024-08-07,CTFSPEK-2299251-DCL_FY22_ENG_INSPIRE_TX_DOM_NOOFF_300x600.zip,3845633,4075
2024-08-07,CTFSPEK-2299251-DCL_FY22_ENG_INSPIRE_TX_DOM_NOOFF_728x90.zip,3845634,18050
2024-08-07,CTNDDYN-2299251-DCL_FY22_ENG_INSPIRE_CA_DOM_NOOFF_160x600.zip,3845623,4282
2024-08-07,CTNDDYN-2299251-DCL_FY22_ENG_INSPIRE_CA_DOM_NOOFF_300x250.zip,3845624,51079
2024-08-07,CTNDDYN-2299251-DCL_FY22_ENG_INSPIRE_CA_DOM_NOOFF_300x600.zip,3845625,3272
2024-08-07,CTNDDYN-2299251-DCL_FY22_ENG_INSPIRE_CA_DOM_NOOFF_728x90.zip,3845626,23879
2024-08-07,CUFJHD6-NA-NGE_FY24_ENG_Q1ExpeditionCruiseSustain_160x600.jpg,4799821,15893
2024-08-07,CUFJHD6-NA-NGE_FY24_ENG_Q1ExpeditionCruiseSustain_300x250.jpg,4799822,339679
2024-08-07,CUFJHD6-NA-NGE_FY24_ENG_Q1ExpeditionCruiseSustain_300x600.jpg,4799823,65703
2024-08-07,CUFJHD6-NA-NGE_FY24_ENG_Q1ExpeditionCruiseSustain_320x50.jpg,4799824,46058
2024-08-07,CUFJHD6-NA-NGE_FY24_ENG_Q1ExpeditionCruiseSustain_728x90.jpg,4799825,24594
2024-08-07,CUQ240U-3899050_DLR_FY24_ENG_Mobile_320x50.jpg,4703743,2826
2024-08-07,CV38BM0-4040215-WDW_FY25_ENG_MVMCP_TSB_Animated_TSB_NOOFF_160x600.zip,4784591,35629
2024-08-07,CV38BM0-4040215-WDW_FY25_ENG_MVMCP_TSB_Animated_TSB_NOOFF_300x250.zip,4784592,177658
2024-08-07,CV38BM0-4040215-WDW_FY25_ENG_MVMCP_TSB_Animated_TSB_NOOFF_300x600.zip,4784593,22267
2024-08-07,CV38BM0-4040215-WDW_FY25_ENG_MVMCP_TSB_Animated_TSB_NOOFF_320x50.png,4770684,115068
2024-08-07,CV38BM0-4040215-WDW_FY25_ENG_MVMCP_TSB_Animated_TSB_NOOFF_728x90.zip,4784594,44500
2024-08-07,CV4K40N-3332255-DCL_FY23_ENG_TRANSACT_DOM_NOOFF_160x600.zip,4425900,3076
2024-08-07,CV4K40N-3332255-DCL_FY23_ENG_TRANSACT_DOM_NOOFF_300x250.zip,4425901,17205
2024-08-07,CV4K40N-3332255-DCL_FY23_ENG_TRANSACT_DOM_NOOFF_300x600.zip,4425902,2447
2024-08-07,CV4K40N-3332255-DCL_FY23_ENG_TRANSACT_DOM_NOOFF_320x50.jpg,4416717,12824
2024-08-07,CV4K40N-3332255-DCL_FY23_ENG_TRANSACT_DOM_NOOFF_728x90.zip,4425903,5361
2024-08-07,CVCC4DL-3848252-WDW_FY24_ENG_Summer-Disney-Springs-Summer-Campaign-Display-PLAY-FLRES-NOOFF_160x600.zip,4712537,866
2024-08-07,CVCC4DL-3848252-WDW_FY24_ENG_Summer-Disney-Springs-Summer-Campaign-Display-PLAY-FLRES-NOOFF_300x250.zip,4712538,35805
2024-08-07,CVCC4DL-3848252-WDW_FY24_ENG_Summer-Disney-Springs-Summer-Campaign-Display-PLAY-FLRES-NOOFF_300x600.zip,4712539,1802
2024-08-07,CVCC4DL-3848252-WDW_FY24_ENG_Summer-Disney-Springs-Summer-Campaign-Display-PLAY-FLRES-NOOFF_320x50.jpg,4712494,33401
2024-08-07,CVCC4DL-3848252-WDW_FY24_ENG_Summer-Disney-Springs-Summer-Campaign-Display-PLAY-FLRES-NOOFF_728x90.zip,4712540,8090
2024-08-07,CVGH44M-3713705-WDW_FY24_ENG_ResortsCollection-Inspire-BLK-NOOFF_160x600.zip,4798243,6355
2024-08-07,CVGH44M-3713705-WDW_FY24_ENG_ResortsCollection-Inspire-BLK-NOOFF_300x250.zip,4798242,86946
2024-08-07,CVGH44M-3713705-WDW_FY24_ENG_ResortsCollection-Inspire-BLK-NOOFF_300x600.zip,4798241,3951
2024-08-07,CVGH44M-3713705-WDW_FY24_ENG_ResortsCollection-Inspire-BLK-NOOFF_320x50.png,4790440,62393
2024-08-07,CVGH44M-3713705-WDW_FY24_ENG_ResortsCollection-Inspire-BLK-NOOFF_728x90.zip,4798240,17987
2024-08-07,CVPTDD6-3120803-WDW_FY23_ENG_ResortsCollection_SITM_DOM_NOOFF_728x90.zip,4401016,0
2024-08-07,CVU98ND-3902804-WDW_FY24_ENG_WPH2O-WAVEPOOL-FLRES-NOOFF-Wave-2_160x600.zip,4748707,10910
2024-08-07,CVU98ND-3902804-WDW_FY24_ENG_WPH2O-WAVEPOOL-FLRES-NOOFF-Wave-2_300x250.zip,4748708,89850
2024-08-07,CVU98ND-3902804-WDW_FY24_ENG_WPH2O-WAVEPOOL-FLRES-NOOFF-Wave-2_300x600.zip,4748709,5030
2024-08-07,CVU98ND-3902804-WDW_FY24_ENG_WPH2O-WAVEPOOL-FLRES-NOOFF-Wave-2_320x50.jpg,4649036,42154
2024-08-07,CVU98ND-3902804-WDW_FY24_ENG_WPH2O-WAVEPOOL-FLRES-NOOFF-Wave-2_728x90.zip,4748710,40833
2024-08-07,CVXRPTF-3999625-DLR_FY24_ENG_PlazaDeLaFamilia-Launch-Inspire_160x600.zip,4747178,138333
2024-08-07,CVXRPTF-3999625-DLR_FY24_ENG_PlazaDeLaFamilia-Launch-Inspire_300x250.zip,4747179,868259
2024-08-07,CVXRPTF-3999625-DLR_FY24_ENG_PlazaDeLaFamilia-Launch-Inspire_300x600.zip,4747181,133843
2024-08-07,CVXRPTF-3999625-DLR_FY24_ENG_PlazaDeLaFamilia-Launch-Inspire_320x50.jpg,4744637,399532
2024-08-07,CVXRPTF-3999625-DLR_FY24_ENG_PlazaDeLaFamilia-Launch-Inspire_728x90.zip,4747177,817883
2024-08-07,CVZ3TTC-3842351-FY_ENG_WDW_Merchandise_OwnYourMagicDisplay_DOM_NOOFF_160x600.zip,4694125,1585
2024-08-07,CVZ3TTC-3842351-FY_ENG_WDW_Merchandise_OwnYourMagicDisplay_DOM_NOOFF_300x250.zip,4694126,9113
2024-08-07,CVZ3TTC-3842351-FY_ENG_WDW_Merchandise_OwnYourMagicDisplay_DOM_NOOFF_300x600.zip,4694127,752
2024-08-07,CVZ3TTC-3842351-FY_ENG_WDW_Merchandise_OwnYourMagicDisplay_DOM_NOOFF_320x50.jpg,4674761,2882
2024-08-07,CVZ3TTC-3842351-FY_ENG_WDW_Merchandise_OwnYourMagicDisplay_DOM_NOOFF_728x90.zip,4694128,15843
2024-08-07,CW74HAK-3413114-WDW_FY24_ENG_Hispanic_DAK_HISP_NOOFF_Pura_Magia_Set_3_300x250.zip,4778623,990
2024-08-07,CW74HAK-3413114-WDW_FY24_ENG_Hispanic_DAK_HISP_NOOFF_Pura_Magia_Set_3_300x600.zip,4778624,7
2024-08-07,CW74HAK-3413114-WDW_FY24_ENG_Hispanic_DAK_HISP_NOOFF_Pura_Magia_Set_3_320x50.jpg,4635715,23815
2024-08-07,CW7B1RD-3332255-DCL_FY23_AR_TRANSACT_LATAM_NOOFF_300x250.zip,4692438,10972
2024-08-07,CW7B1RD-3332255-DCL_FY23_AR_TRANSACT_LATAM_NOOFF_300x600.zip,4692439,176038
2024-08-07,CW7B1RD-3332255-DCL_FY23_AR_TRANSACT_LATAM_NOOFF_320x50.jpg,4692436,20104
2024-08-07,CW7B1RD-3332255-DCL_FY23_CH_TRANSACT_LATAM_NOOFF_300x250.zip,4692489,549
2024-08-07,CW7B1RD-3332255-DCL_FY23_CH_TRANSACT_LATAM_NOOFF_300x600.zip,4692488,8035
2024-08-07,CW7B1RD-3332255-DCL_FY23_CH_TRANSACT_LATAM_NOOFF_320x50.jpg,4692491,443
2024-08-07,CW7B1RD-3332255-DCL_FY23_CO_TRANSACT_LATAM_NOOFF_300x250.zip,4692479,4057
2024-08-07,CW7B1RD-3332255-DCL_FY23_CO_TRANSACT_LATAM_NOOFF_300x600.zip,4692478,130095
2024-08-07,CW7B1RD-3332255-DCL_FY23_CO_TRANSACT_LATAM_NOOFF_320x50.jpg,4692481,7738
2024-08-07,CW7B1RD-3332255-DCL_FY23_PE_TRANSACT_LATAM_NOOFF_300x250.zip,4692484,290
2024-08-07,CW7B1RD-3332255-DCL_FY23_PE_TRANSACT_LATAM_NOOFF_300x600.zip,4692483,10714
2024-08-07,CW7B1RD-3332255-DCL_FY23_PE_TRANSACT_LATAM_NOOFF_320x50.jpg,4692486,1048
2024-08-07,CW7B1RD-3332255-DCL_FY23_SPA_TRANSACT_LATAM_NOOFF_300x250.zip,4565490,744
2024-08-07,CW7B1RD-3332255-DCL_FY23_SPA_TRANSACT_LATAM_NOOFF_300x600.zip,4565491,15323
2024-08-07,CW7B1RD-3332255-DCL_FY23_SPA_TRANSACT_LATAM_NOOFF_320x50.jpg,4444564,2378
2024-08-07,CW7KXZP-3985402-DLR_FY24_ENG_Q4BroadResorfOffer-Transact_160x600.zip,4726514,3302
2024-08-07,CW7KXZP-3985402-DLR_FY24_ENG_Q4BroadResorfOffer-Transact_300x250.zip,4726515,26778
2024-08-07,CW7KXZP-3985402-DLR_FY24_ENG_Q4BroadResorfOffer-Transact_300x600.zip,4726517,2371
2024-08-07,CW7KXZP-3985402-DLR_FY24_ENG_Q4BroadResorfOffer-Transact_320x50.jpg,4724682,16919
2024-08-07,CW7KXZP-3985402-DLR_FY24_ENG_Q4BroadResorfOffer-Transact_728x90.zip,4726513,8047
2024-08-07,CWARM4V-3981921-WDW_FY25_ENG_ResortConversion-Q1-FlRes-HolidayRoomOnlyOffer-Activate-V1-FLRES-Q1-FLRes-RoomOnlyOffer_160x600.zip,4798250,10865
2024-08-07,CWARM4V-3981921-WDW_FY25_ENG_ResortConversion-Q1-FlRes-HolidayRoomOnlyOffer-Activate-V1-FLRES-Q1-FLRes-RoomOnlyOffer_300x250.zip,4798251,76692
2024-08-07,CWARM4V-3981921-WDW_FY25_ENG_ResortConversion-Q1-FlRes-HolidayRoomOnlyOffer-Activate-V1-FLRES-Q1-FLRes-RoomOnlyOffer_300x600.zip,4798252,3936
2024-08-07,CWARM4V-3981921-WDW_FY25_ENG_ResortConversion-Q1-FlRes-HolidayRoomOnlyOffer-Activate-V1-FLRES-Q1-FLRes-RoomOnlyOffer_320x50.jpg,4786173,47415
2024-08-07,CWARM4V-3981921-WDW_FY25_ENG_ResortConversion-Q1-FlRes-HolidayRoomOnlyOffer-Activate-V1-FLRES-Q1-FLRes-RoomOnlyOffer_728x90.zip,4798253,34486
2024-08-07,CWIZ6E1-3566402-WDW_FY24_ENG_WDW-Brand-TMMPOE-V2-DOM-NOOFF_160x600.zip,4565463,28569
2024-08-07,CWIZ6E1-3566402-WDW_FY24_ENG_WDW-Brand-TMMPOE-V2-DOM-NOOFF_300x250.zip,4565464,286421
2024-08-07,CWIZ6E1-3566402-WDW_FY24_ENG_WDW-Brand-TMMPOE-V2-DOM-NOOFF_300x600.zip,4565465,29028
2024-08-07,CWIZ6E1-3566402-WDW_FY24_ENG_WDW-Brand-TMMPOE-V2-DOM-NOOFF_320x50.jpg,4561581,341102
2024-08-07,CWIZ6E1-3566402-WDW_FY24_ENG_WDW-Brand-TMMPOE-V2-DOM-NOOFF_728x90.zip,4565466,127900
2024-08-07,CX250IW-3999626-DLR_FY24_SPA_PlazaDeLaFamilia_Refresh_Inspire_160x600.zip,4786606,474
2024-08-07,CX250IW-3999626-DLR_FY24_SPA_PlazaDeLaFamilia_Refresh_Inspire_300x250.zip,4786607,12778
2024-08-07,CX250IW-3999626-DLR_FY24_SPA_PlazaDeLaFamilia_Refresh_Inspire_300x600.zip,4786609,1309
2024-08-07,CX250IW-3999626-DLR_FY24_SPA_PlazaDeLaFamilia_Refresh_Inspire_320x50.jpg,4773700,10402
2024-08-07,CX250IW-3999626-DLR_FY24_SPA_PlazaDeLaFamilia_Refresh_Inspire_728x90.zip,4786605,2129
2024-08-07,CXE81CB-3205603-DCL_FY23_ENG_MDAS-DOM-CAN-NOOFF_160x600.zip,4340160,12953
2024-08-07,CXE81CB-3205603-DCL_FY23_ENG_MDAS-DOM-CAN-NOOFF_300x250.zip,4340161,109143
2024-08-07,CXE81CB-3205603-DCL_FY23_ENG_MDAS-DOM-CAN-NOOFF_300x600.zip,4340162,14604
2024-08-07,CXE81CB-3205603-DCL_FY23_ENG_MDAS-DOM-CAN-NOOFF_320x50.jpg,4328154,1986
2024-08-07,CXE81CB-3205603-DCL_FY23_ENG_MDAS-DOM-CAN-NOOFF_728x90.zip,4340163,29386
2024-08-07,CXSOIAH-3965360-DLR_FY24_ENG_Q3Q4TicketOffer-Kids150-Activate_160x600.zip,4747204,62148
2024-08-07,CXSOIAH-3965360-DLR_FY24_ENG_Q3Q4TicketOffer-Kids150-Activate_300x250.zip,4747205,647215
2024-08-07,CXSOIAH-3965360-DLR_FY24_ENG_Q3Q4TicketOffer-Kids150-Activate_300x600.zip,4747207,52489
2024-08-07,CXSOIAH-3965360-DLR_FY24_ENG_Q3Q4TicketOffer-Kids150-Activate_320x50.jpg,4744837,305947
2024-08-07,CXSOIAH-3965360-DLR_FY24_ENG_Q3Q4TicketOffer-Kids150-Activate_728x90.zip,4747203,205624
2024-08-07,CXV551M-4112389-DLR_FY24_SPA_Halloween_INS_DOM_NOOFF_160x600.zip,4786591,501
2024-08-07,CXV551M-4112389-DLR_FY24_SPA_Halloween_INS_DOM_NOOFF_300x250.zip,4786592,15518
2024-08-07,CXV551M-4112389-DLR_FY24_SPA_Halloween_INS_DOM_NOOFF_300x600.zip,4786594,1293
2024-08-07,CXV551M-4112389-DLR_FY24_SPA_Halloween_INS_DOM_NOOFF_320x50.jpg,4780046,14573
2024-08-07,CXV551M-4112389-DLR_FY24_SPA_Halloween_INS_DOM_NOOFF_728x90.zip,4786590,1240
2024-08-07,CY1YSSY-1698014-DVC_FY21_ENG_SMYAY-INSPIRE_160x600.zip,4475491,2493
2024-08-07,CY1YSSY-1698014-DVC_FY21_ENG_SMYAY-INSPIRE_300x250.zip,4475492,17640
2024-08-07,CY1YSSY-1698014-DVC_FY21_ENG_SMYAY-INSPIRE_300x600.zip,4475493,2098
2024-08-07,CY1YSSY-1698014-DVC_FY21_ENG_SMYAY-INSPIRE_320x50,4475490,10296
2024-08-07,CY1YSSY-1698014-DVC_FY21_ENG_SMYAY-INSPIRE_728x90.zip,4475494,14386
2024-08-07,"CY3BHTL-NA-SPT_FY24_ENG_Soccer Kickoff V2_300x250.gif",4802593,13067
2024-08-07,"CY3BHTL-NA-SPT_FY24_ENG_Soccer Kickoff V2_320x50.gif",4802594,88790
2024-08-07,"CY3BHTL-NA-SPT_FY24_ENG_Soccer Kickoff V2_728x90.gif",4802595,10
2024-08-07,CY5FNUX-3550905-WDW_FY24_ENG_APAcquisition_Q1_Activate_FLRES_AP_Disney_Pixie_Dust_Pass_160x600.zip,4472852,26651
2024-08-07,CY5FNUX-3550905-WDW_FY24_ENG_APAcquisition_Q1_Activate_FLRES_AP_Disney_Pixie_Dust_Pass_300x250.zip,4472853,192036
2024-08-07,CY5FNUX-3550905-WDW_FY24_ENG_APAcquisition_Q1_Activate_FLRES_AP_Disney_Pixie_Dust_Pass_300x600.zip,4472854,18992
2024-08-07,CY8IHRJ-3971902-FY24_ENG_WDWMK_MNSSHP_Maximize_300x250.zip,4719452,0
2024-08-07,CYCMPX3-3606167-DLR_FY24_SPA_Evergreen_Domestic_Inspire_LATAM_300x600.zip,4580235,0
2024-08-07,CYCMPX3-3606167-DLR_FY24_SPA_Evergreen_Domestic_Inspire_LATAM_320x50.jpg,4562942,0
2024-08-07,CYDO0UX-3889406-WDW_FY24_ENG_TianasBayou_CFLT_Static_CFT_NOOFF_160x600.zip,4742517,123500
2024-08-07,CYDO0UX-3889406-WDW_FY24_ENG_TianasBayou_CFLT_Static_CFT_NOOFF_300x250.zip,4742518,981453
2024-08-07,CYDO0UX-3889406-WDW_FY24_ENG_TianasBayou_CFLT_Static_CFT_NOOFF_300x600.zip,4742519,105392
2024-08-07,CYDO0UX-3889406-WDW_FY24_ENG_TianasBayou_CFLT_Static_CFT_NOOFF_320x50.jpg,4722909,766357
2024-08-07,CYDO0UX-3889406-WDW_FY24_ENG_TianasBayou_CFLT_Static_CFT_NOOFF_728x90.zip,4742520,369138
2024-08-07,CYF616V-3965360-DLR_FY24_SPA_Q3Q4TicketOffer-Generic-Activate_160x600.zip,4739666,462
2024-08-07,CYF616V-3965360-DLR_FY24_SPA_Q3Q4TicketOffer-Generic-Activate_300x250.zip,4739667,16604
2024-08-07,CYF616V-3965360-DLR_FY24_SPA_Q3Q4TicketOffer-Generic-Activate_300x600.zip,4739669,953
2024-08-07,CYF616V-3965360-DLR_FY24_SPA_Q3Q4TicketOffer-Generic-Activate_320x50.jpg,4738143,5740
2024-08-07,CYF616V-3965360-DLR_FY24_SPA_Q3Q4TicketOffer-Generic-Activate_728x90.zip,4739665,553
2024-08-07,CYHXJV0-3137306-WDW_FY23_ENG_ResortsCollection_MTITP_TSB_NOOFF_160x600.zip,4373000,0
2024-08-07,CYHXJV0-3137306-WDW_FY23_ENG_ResortsCollection_MTITP_TSB_NOOFF_728x90.zip,4373003,0
2024-08-07,CYKZTNQ-3713705-WDW_FY24-ENG_ResortsCollection_Transact1_TSB_NOOFF_320x50.png,4790453,109534
2024-08-07,CYKZTNQ-3713705-WDW_FY24_ENG_ResortsCollection_Transact1_TSB_NOOFF_160x600.zip,4797320,33154
2024-08-07,CYKZTNQ-3713705-WDW_FY24_ENG_ResortsCollection_Transact1_TSB_NOOFF_300x250.zip,4797319,178709
2024-08-07,CYKZTNQ-3713705-WDW_FY24_ENG_ResortsCollection_Transact1_TSB_NOOFF_300x600.zip,4797318,24425
2024-08-07,CYKZTNQ-3713705-WDW_FY24_ENG_ResortsCollection_Transact1_TSB_NOOFF_728x90.zip,4797317,70768
2024-08-07,CYUUJ21-3413114-WDW_FY24_SPA_Hispanic_MK_HISP_NOOFF_Pura_Magia_Set_2_160x600.zip,4736397,638
2024-08-07,CYUUJ21-3413114-WDW_FY24_SPA_Hispanic_MK_HISP_NOOFF_Pura_Magia_Set_2_300x250.zip,4736398,19203
2024-08-07,CYUUJ21-3413114-WDW_FY24_SPA_Hispanic_MK_HISP_NOOFF_Pura_Magia_Set_2_300x600.zip,4736399,474
2024-08-07,CYUUJ21-3413114-WDW_FY24_SPA_Hispanic_MK_HISP_NOOFF_Pura_Magia_Set_2_728x90.zip,4736400,1415
2024-08-07,CZ6H63J-2299251-DCL_FY22_ENG_INSPIRE_DOM_CAN_NOOFF_160x600,3845597,26497
2024-08-07,CZ6H63J-2299251-DCL_FY22_ENG_INSPIRE_DOM_CAN_NOOFF_300x250,3845598,240582
2024-08-07,CZ6H63J-2299251-DCL_FY22_ENG_INSPIRE_DOM_CAN_NOOFF_300x600,3845599,19585
2024-08-07,CZ6H63J-2299251-DCL_FY22_ENG_INSPIRE_DOM_CAN_NOOFF_320x50,3831111,1923
2024-08-07,CZ6H63J-2299251-DCL_FY22_ENG_INSPIRE_DOM_CAN_NOOFF_728x90,3845600,61342
2024-08-07,CZ8F3C9-3332255-DCL_FY23_ENG_INSPIRE_DOM_NOOFF_160x600.zip,4425895,6056
2024-08-07,CZ8F3C9-3332255-DCL_FY23_ENG_INSPIRE_DOM_NOOFF_300x250.zip,4425896,57261
2024-08-07,CZ8F3C9-3332255-DCL_FY23_ENG_INSPIRE_DOM_NOOFF_300x600.zip,4425897,29720
2024-08-07,CZ8F3C9-3332255-DCL_FY23_ENG_INSPIRE_DOM_NOOFF_320x50,4416733,76358
2024-08-07,CZ8F3C9-3332255-DCL_FY23_ENG_INSPIRE_DOM_NOOFF_728x90.zip,4425898,24366
2024-08-07,CZC5YXH-3317534-DCL_FY23_SPA_TRITON_ACTIVATE_LATAM_NOOFF_300x600.zip,4487344,0
2024-08-07,CZHZ0UA-437677-WDW_FY19_ENG_SCAFT-BTM_160x600.zip,3118951,8419
2024-08-07,CZHZ0UA-437677-WDW_FY19_ENG_SCAFT-BTM_300x250.zip,3118950,36506
2024-08-07,CZHZ0UA-437677-WDW_FY19_ENG_SCAFT-BTM_300x600.zip,3118949,7624
2024-08-07,CZHZ0UA-437677-WDW_FY19_ENG_SCAFT-BTM_320x50_copy.zip,3573189,14964
2024-08-07,CZHZ0UA-437677-WDW_FY19_ENG_SCAFT-BTM_728x90.zip,3118947,17747
2024-08-07,CZIIPGS-3550905-WDW_FY24_SPA_APAcquisition_Q1_Activate_FLRES_AP_Disney_Pixie_Dust_Pass_SP_160x600.zip,4482027,805
2024-08-07,CZIIPGS-3550905-WDW_FY24_SPA_APAcquisition_Q1_Activate_FLRES_AP_Disney_Pixie_Dust_Pass_SP_300x250.zip,4482028,12970
2024-08-07,CZIIPGS-3550905-WDW_FY24_SPA_APAcquisition_Q1_Activate_FLRES_AP_Disney_Pixie_Dust_Pass_SP_300x600.zip,4482029,1447
2024-08-07,CZIMLYP-3995229-WDW_FY24_SPA_Summer-LATAM-NOOFF_160x600.zip,4712404,639
2024-08-07,CZIMLYP-3995229-WDW_FY24_SPA_Summer-LATAM-NOOFF_300x250.zip,4712405,33236
2024-08-07,CZIMLYP-3995229-WDW_FY24_SPA_Summer-LATAM-NOOFF_300x600.zip,4712406,485
2024-08-07,CZIMLYP-3995229-WDW_FY24_SPA_Summer-LATAM-NOOFF_320x50.jpg,4702593,18125
2024-08-07,CZIMLYP-3995229-WDW_FY24_SPA_Summer-LATAM-NOOFF_728x90.zip,4712407,9884
2024-08-07,CZWR1EJ-3965360-DLR_FY24_SPA_Q3Q4TicketOffer-Kids150-Activate_160x600.zip,4760185,372
2024-08-07,CZWR1EJ-3965360-DLR_FY24_SPA_Q3Q4TicketOffer-Kids150-Activate_300x250.zip,4760186,16926
2024-08-07,CZWR1EJ-3965360-DLR_FY24_SPA_Q3Q4TicketOffer-Kids150-Activate_300x600.zip,4760188,771
2024-08-07,CZWR1EJ-3965360-DLR_FY24_SPA_Q3Q4TicketOffer-Kids150-Activate_320x50.jpg,4758016,5973
2024-08-07,CZWR1EJ-3965360-DLR_FY24_SPA_Q3Q4TicketOffer-Kids150-Activate_728x90.zip,4760184,589
2024-08-07,CZXJF4N-3852401-AUL_FY24_ENG_Fall_KAMAOffer_160x600.zip,4680640,656
2024-08-07,CZXJF4N-3852401-AUL_FY24_ENG_Fall_KAMAOffer_300x250.zip,4680641,6484
2024-08-07,CZXJF4N-3852401-AUL_FY24_ENG_Fall_KAMAOffer_300x600.zip,4680642,565
2024-08-07,CZXJF4N-3852401-AUL_FY24_ENG_Fall_KAMAOffer_320x50_.jpg,4674995,5448
2024-08-07,CZXJF4N-3852401-AUL_FY24_ENG_Fall_KAMAOffer_728x90.zip,4680643,1579
2024-08-07,CZYWIBM-3766430-WDW_FY24_ENG_EPCOTTransformation_Hisp_ENG_Anim_HISP_NOOFF_160x600.zip,4676315,35346
2024-08-07,CZYWIBM-3766430-WDW_FY24_ENG_EPCOTTransformation_Hisp_ENG_Anim_HISP_NOOFF_300x250.zip,4676316,336865
2024-08-07,CZYWIBM-3766430-WDW_FY24_ENG_EPCOTTransformation_Hisp_ENG_Anim_HISP_NOOFF_300x600.zip,4676317,31602
2024-08-07,CZYWIBM-3766430-WDW_FY24_ENG_EPCOTTransformation_Hisp_ENG_Anim_HISP_NOOFF_320x50.jpg,4662575,175231
2024-08-07,CZYWIBM-3766430-WDW_FY24_ENG_EPCOTTransformation_Hisp_ENG_Anim_HISP_NOOFF_728x90.zip,4676318,118804
